id,re_x,re_y
IS481_00005,5078.17,8242.17
IS481_00010,2682.0,5001.33
IS481_00015,7094.0,11808.08
IS481_00020,112.0,155.83
IS481_00025,1183.0,2932.33
IS481_00030,1188.5,1489.0
IS481_00035,395.0,443.83
IS481_00040,667.0,572.5
IS481_00045,438.83,507.5
IS481_00050,287.83,326.83
IS481_00055,492.0,369.5
IS481_00060,77.83,113.0
IS481_00065,85.5,148.17
IS481_00070,47.0,98.83
IS481_00075,56.33,91.5
IS481_00080,595.83,533.5
IS481_00085,87.5,160.5
IS481_00090,74.5,100.0
IS481_00095,112.0,141.67
IS481_00100,296.0,246.08
IS481_00105,4832.33,849.0
IS481_00115,1985.83,6200.5
IS481_00120,3237.33,1853.0
IS481_00125,3872.33,3907.67
IS481_00130,688.0,718.67
IS481_00135,374.5,179.0
IS481_00140,695.0,707.5
IS481_00145,1537.5,1437.0
IS481_00150,27.5,33.0
IS481_00155,7847.0,3536.33
IS481_00160,129925.58,56604.92
IS481_00175,4693.5,1889.67
IS481_00180,2729.5,3218.5
IS481_00185,157.17,118.0
IS481_00190,490.83,789.83
IS481_00195,156.33,383.83
IS481_00200,223.0,587.17
IS481_00205,198.0,736.83
IS481_00210,103.83,153.83
IS481_00215,410.5,258.5
IS481_00220,749.33,647.5
IS481_00225,2055.0,1483.33
IS481_00230,8724.0,10314.58
IS481_00235,327.33,390.0
IS481_00240,719.33,909.83
IS481_00245,224.67,357.33
IS481_00250,1699.5,1358.0
IS481_00255,208.83,244.0
IS481_00260,72.5,179.33
IS481_00265,123.33,348.0
IS481_00270,150.0,261.83
IS481_00275,127.33,189.5
IS481_00280,96.0,112.08
IS481_00285,1901.42,1747.83
IS481_00290,8539.33,3644.0
IS481_00295,372.0,487.5
IS481_00300,400.0,283.33
IS481_00305,798.0,582.0
IS481_00310,190.83,195.67
IS481_00315,199.5,259.0
IS481_00320,609.0,864.5
IS481_00325,1465.83,892.83
IS481_00330,4500.83,26062.5
IS481_00335,10723.83,66221.67
IS481_00340,16103.83,104409.78
IS481_00345,309.0,963.33
IS481_00350,900.5,2176.67
IS481_00355,714.5,926.83
IS481_00360,81307.58,309160.33
IS481_00365,673.53,977.0
IS481_00370,1196.67,3142.25
IS481_00375,978.33,2228.75
IS481_00380,2930.33,2052.83
IS481_00390,1475.5,887.5
IS481_00395,3486.5,8435.83
IS481_00400,337.0,1684.0
IS481_00405,402.0,656.5
IS481_00410,69.0,69.0
IS481_00415,632.5,485.33
IS481_00420,260.0,330.33
IS481_00425,1327.5,1685.5
IS481_00430,2321.0,1839.83
IS481_00435,1650.33,1655.33
IS481_00440,8243.0,12720.67
IS481_00445,2704.83,5308.0
IS481_00450,3770.0,4589.0
IS481_00455,2380.5,2488.0
IS481_00460,1643.0,1186.25
IS481_00465,1519.0,1429.83
IS481_00470,4066.5,3392.83
IS481_00475,2613.0,1828.17
IS481_00480,1997.33,1787.33
IS481_00485,3311.83,4404.17
IS481_00490,924.0,967.0
IS481_00495,3355.33,10531.5
IS481_00500,727.5,5563.5
IS481_00505,417.0,904.0
IS481_00510,1205.0,2292.0
IS481_00515,1448.5,5794.67
IS481_00520,2156.5,4460.33
IS481_00525,446.5,611.83
IS481_00530,303.2,516.17
IS481_00535,773.83,1305.0
IS481_00540,287.33,409.33
IS481_00545,653.75,1109.75
IS481_00550,354.33,366.5
IS481_00555,1091.5,2166.0
IS481_00560,2120.33,2494.0
IS481_00565,700.5,620.83
IS481_00570,2391.0,1198.33
IS481_00575,2414.33,1287.5
IS481_00580,5235.0,2991.17
IS481_00585,1813.33,1347.33
IS481_00590,4425.33,3081.17
IS481_00595,5931.17,6178.17
IS481_00600,6035.67,4359.67
IS481_00605,3575.83,3329.75
IS481_00610,3297.83,1889.08
IS481_00615,835.17,365.83
IS481_00620,305.0,166.75
IS481_00625,5132.92,4684.33
IS481_00630,1750.0,1250.83
IS481_00635,482.83,416.5
IS481_00640,2410.83,1950.33
IS481_00645,2072.17,4161.08
IS481_00650,320.0,428.83
IS481_00655,663.67,678.5
IS481_00660,7105.33,5605.33
IS481_00665,2008.83,1240.5
IS481_00670,2040.0,3305.5
IS481_00675,9576.17,10397.17
IS481_00680,6048.33,8388.78
IS481_00685,1195.5,1741.83
IS481_00690,18393.33,14014.0
IS481_00695,4824.33,2478.33
IS481_00700,1407.33,829.0
IS481_00705,3943.17,2958.0
IS481_00710,3014.83,2375.83
IS481_00715,4310.83,12199.0
IS481_00720,3655.5,6875.0
IS481_00725,9674.5,7748.92
IS481_00730,485.83,398.83
IS481_00735,430.5,477.83
IS481_00740,1737.17,2111.17
IS481_00745,161.5,286.83
IS481_00750,1174.0,2264.75
IS481_00755,363.0,528.83
IS481_00760,1235.83,1087.33
IS481_00765,2104.17,1303.33
IS481_00770,1312.0,1669.83
IS481_00775,32733.0,58727.17
IS481_00780,5861.0,9511.33
IS481_00785,4634.83,4827.92
IS481_00790,12390.83,17175.25
IS481_00795,11636.17,17228.17
IS481_00800,7129.17,7486.17
IS481_00805,11883.75,11203.0
IS481_00810,7492.25,13071.33
IS481_00815,9326.58,16837.75
IS481_00820,4123.17,4385.67
IS481_00825,4024.17,3676.5
IS481_00830,55825.83,134493.67
IS481_00835,2939.5,6233.83
IS481_00840,1219.17,2049.75
IS481_00845,602.5,1244.2
IS481_00850,3832.33,1402.83
IS481_00855,1745.5,1418.33
IS481_00860,5906.75,4560.33
IS481_00865,1878.83,1513.33
IS481_00870,2712.5,2505.5
IS481_00875,2734.33,1369.33
IS481_00880,2267.67,4995.33
IS481_00885,1195.83,5971.83
IS481_00890,2435.67,4891.75
IS481_00895,2125.0,3818.17
IS481_00900,8670.33,19331.17
IS481_00905,16320.33,34089.92
IS481_00910,1351.83,1108.5
IS481_00915,1389.5,1952.67
IS481_00920,2172.33,1657.0
IS481_00925,585.33,433.0
IS481_00930,305.33,277.0
IS481_00935,318.5,263.67
IS481_00940,580.33,421.0
IS481_00945,345.33,217.83
IS481_00950,196.0,160.83
IS481_00955,839.33,756.25
IS481_00960,967.0,868.0
IS481_00965,961.0,2911.17
IS481_00970,3084.0,2811.17
IS481_00975,319.83,472.33
IS481_00980,2714.17,1761.5
IS481_00985,2990.83,5280.0
IS481_00990,5325.0,5360.0
IS481_00995,6540.83,7974.67
IS481_01000,2229.0,2061.17
IS481_01005,1809.0,2145.33
IS481_01010,7458.67,5431.33
IS481_01015,3623.08,3370.5
IS481_01020,6052.58,5402.83
IS481_01025,4001.5,1935.33
IS481_01030,2333.5,1328.83
IS481_01035,2912.5,2409.67
IS481_01040,55.0,54.0
IS481_01045,6622.17,205786.0
IS481_01050,5012.0,1756.5
IS481_01055,1410.67,466.83
IS481_01060,1404.67,534.17
IS481_01065,7278.83,2210.0
IS481_01070,4021.67,5610.83
IS481_01075,3757.0,2708.0
IS481_01080,4840.33,3435.83
IS481_01085,7784.17,5488.67
IS481_01090,2353.0,2837.83
IS481_01095,8686.0,8293.33
IS481_01100,12551.17,10618.0
IS481_01105,4291.5,2511.17
IS481_01110,1538.5,1045.17
IS481_01115,1352.17,831.67
IS481_01120,310.75,212.83
IS481_01125,163.25,105.67
IS481_01130,595.25,314.33
IS481_01135,86.0,69.5
IS481_01140,94.33,93.0
IS481_01145,263.25,210.67
IS481_01150,221.92,138.83
IS481_01155,439.83,336.33
IS481_01160,816.17,493.17
IS481_01165,710.67,483.67
IS481_01170,901.5,878.33
IS481_01175,869.92,808.83
IS481_01180,166.08,157.0
IS481_01185,1015.17,922.5
IS481_01190,667.0,621.83
IS481_01195,4151.67,2575.17
IS481_01200,1764.83,1241.33
IS481_01205,4344.83,2421.83
IS481_01210,1424.17,1083.83
IS481_01215,4456.0,3384.0
IS481_01220,286.83,254.0
IS481_01225,355.33,255.0
IS481_01230,459.0,367.83
IS481_01235,591.67,359.0
IS481_01240,2038.83,1192.0
IS481_01245,3894.83,2371.33
IS481_01250,6411.0,2718.33
IS481_01255,3381.5,2026.5
IS481_01260,1132.0,588.25
IS481_01265,2437.5,2084.0
IS481_01270,7213.83,4687.83
IS481_01275,4670.0,1009.33
IS481_01280,1953.33,1557.33
IS481_01285,583.67,649.83
IS481_01290,1486.0,1248.33
IS481_01295,1690.83,1710.0
IS481_01300,2759.33,2424.17
IS481_01305,521.5,398.5
IS481_01310,1492.33,934.5
IS481_01315,4972.83,3983.0
IS481_01320,12205.33,13027.83
IS481_01325,1619.33,2259.33
IS481_01330,4566.33,6514.0
IS481_01335,11303.75,27972.17
IS481_01340,4084.83,3834.83
IS481_01345,2768.92,2409.58
IS481_01350,2533.83,2683.33
IS481_01355,4037.75,2914.83
IS481_01360,4301.5,3550.5
IS481_01365,5029.0,6183.83
IS481_01370,1312.67,1975.67
IS481_01375,1796.67,886.0
IS481_01380,744.42,1094.33
IS481_01385,1640.92,2154.83
IS481_01390,474.67,646.5
IS481_01395,206.67,165.0
IS481_01400,100.5,122.17
IS481_01405,119.0,81.17
IS481_01410,257.0,177.83
IS481_01415,64.0,69.0
IS481_01420,252.0,277.5
IS481_01425,1792.0,1804.83
IS481_01430,659.5,459.17
IS481_01435,1449.0,952.5
IS481_01440,201.83,253.83
IS481_01445,1162.83,1351.33
IS481_01450,426.25,1047.58
IS481_01455,1456.75,2050.75
IS481_01460,3237.0,2024.33
IS481_01465,10954.33,13230.33
IS481_01470,4505.67,1059.83
IS481_01475,1209.33,247.83
IS481_01480,513.17,99.17
IS481_01485,1562.03,637.0
IS481_01490,1854.87,855.33
IS481_01495,106.33,92.33
IS481_01500,237.67,249.5
IS481_01505,179.33,141.5
IS481_01510,138.25,101.0
IS481_01515,28.0,51.0
IS481_01520,77.83,111.17
IS481_01525,122.5,172.33
IS481_01530,57.83,70.25
IS481_01535,72.0,86.67
IS481_01540,749.33,502.5
IS481_01545,1170.5,962.33
IS481_01550,1537.83,6749.17
IS481_01555,1573.0,1371.0
IS481_01560,1303.0,575.5
IS481_01565,671.0,636.0
IS481_01570,560.5,653.33
IS481_01575,926.33,547.75
IS481_01580,496.0,355.17
IS481_01585,282.83,322.5
IS481_01590,159.83,135.83
IS481_01595,182.33,135.17
IS481_01600,108.0,81.0
IS481_01605,111.33,87.33
IS481_01610,1736.5,1583.0
IS481_01615,936.33,519.83
IS481_01620,993.5,849.17
IS481_01625,1382.83,1164.33
IS481_01630,200.5,216.5
IS481_01635,3877.33,2341.5
IS481_01640,633.83,502.67
IS481_01645,5110.5,8130.5
IS481_01650,1987.5,1016.0
IS481_01655,2547.67,974.0
IS481_01660,1522.0,1605.83
IS481_01665,1412.33,1608.17
IS481_01670,2724.67,2109.83
IS481_01675,3065.5,3630.17
IS481_01680,5076.17,3723.67
IS481_01685,4438.33,2588.33
IS481_01690,3034.33,4779.33
IS481_01695,4558.0,7533.17
IS481_01700,13862.83,15246.83
IS481_01705,5476.5,9593.67
IS481_01710,4586.33,4484.17
IS481_01715,3375.0,2126.67
IS481_01720,2960.5,1741.0
IS481_01725,1338.33,758.17
IS481_01730,1988.33,1204.33
IS481_01735,1538.67,1565.0
IS481_01740,4748.67,2806.33
IS481_01745,4223.83,2907.83
IS481_01750,10246.17,9829.0
IS481_01755,1954.5,1590.5
IS481_01760,2209.17,1384.33
IS481_01765,6267.17,3078.5
IS481_01770,8545.75,10023.33
IS481_01775,12925.75,20265.67
IS481_01780,67438.75,267392.5
IS481_01785,591.0,889.83
IS481_01790,647.0,750.0
IS481_01795,999.0,1167.67
IS481_01800,880.17,820.0
IS481_01805,1631.33,1730.08
IS481_01810,1246.0,869.5
IS481_01815,1627.33,2024.5
IS481_01820,1430.0,388.0
IS481_01825,663.5,222.0
IS481_01830,3426.83,3404.75
IS481_01835,18782.0,14868.33
IS481_01840,2109.0,1713.33
IS481_01845,1674.0,1774.67
IS481_01850,438.33,717.17
IS481_01855,473.83,573.33
IS481_01860,1294.83,1582.33
IS481_01865,4778.83,9378.0
IS481_01870,638.5,492.5
IS481_01875,1146.83,541.33
IS481_01880,8740.67,6288.83
IS481_01885,10472.67,9432.0
IS481_01890,2298.5,3448.33
IS481_01895,2507.83,18778.33
IS481_01900,2252.0,2357.5
IS481_01905,4607.0,8962.33
IS481_01910,15160.25,25913.0
IS481_01915,992.83,518.83
IS481_01920,1700.92,4073.0
IS481_01925,2752.17,3854.0
IS481_01930,3902.83,6227.83
IS481_01935,4668.17,6395.17
IS481_01940,1032.83,1703.33
IS481_01945,1979.5,1728.0
IS481_01950,8572.42,9370.5
IS481_01955,17855.5,19680.83
IS481_01960,6556.25,5406.0
IS481_01965,1657.0,1219.33
IS481_01970,2843.5,2336.0
IS481_01975,2129.58,2009.0
IS481_01980,9603.33,10984.33
IS481_01985,1612.83,1521.58
IS481_01990,347.33,395.67
IS481_01995,5143.83,1432.67
IS481_02000,82.5,88.33
IS481_02005,312.0,549.58
IS481_02010,428.0,985.83
IS481_02015,260.5,313.33
IS481_02020,3824.5,3677.17
IS481_02025,2483.42,2205.33
IS481_02030,4339.0,2438.5
IS481_02040,3433.83,2736.17
IS481_02045,13244.0,11764.0
IS481_02050,3438.67,3080.42
IS481_02055,1529.5,1792.67
IS481_02060,6255.5,4897.67
IS481_02065,2597.83,3716.5
IS481_02070,523.67,397.5
IS481_02075,2022.33,1216.67
IS481_02080,6832.17,1083.08
IS481_02085,32414.5,7099.42
IS481_02090,15841.33,3130.0
IS481_02095,8408.17,2370.17
IS481_02100,8163.58,1770.17
IS481_02105,10798.25,15520.17
IS481_02110,9164.0,8889.5
IS481_02115,8950.5,7143.0
IS481_02120,14952.67,11382.17
IS481_02125,6726.0,4822.83
IS481_02130,19854.58,21504.33
IS481_02135,11452.0,10786.5
IS481_02140,2258.17,2744.17
IS481_02145,14127.83,17296.0
IS481_02150,2587.58,4964.5
IS481_02155,2617.5,3667.5
IS481_02160,3085.0,4532.83
IS481_02170,1675.0,890.5
IS481_02175,526.5,274.5
IS481_02180,2738.5,970.5
IS481_02185,2302.0,1640.0
IS481_02190,8539.0,14283.0
IS481_02195,3523.5,4707.0
IS481_02200,2087.5,1498.83
IS481_02205,777.5,32690.17
IS481_02210,6745.0,3402.0
IS481_02215,2769.17,725.83
IS481_02220,1689.5,1277.67
IS481_02225,644.5,595.83
IS481_02230,3282.25,3118.92
IS481_02235,4951.83,3005.83
IS481_02240,1157.33,1449.83
IS481_02245,2513.33,2937.33
IS481_02250,2370.33,3008.67
IS481_02255,6140.75,7268.33
IS481_02260,919.33,1015.17
IS481_02265,4242.08,2604.5
IS481_02270,388.33,490.5
IS481_02275,3007.83,4033.83
IS481_02280,2517.5,1715.75
IS481_02285,382.5,352.33
IS481_02295,565.83,714.67
IS481_02305,321.0,459.0
IS481_02310,1551.83,1735.83
IS481_02315,2276.0,1908.67
IS481_02320,3165.0,2490.17
IS481_02325,118.5,322.0
IS481_02330,556.58,1273.17
IS481_02335,2275.0,5310.0
IS481_02340,1319.83,3626.33
IS481_02345,5633.0,7291.42
IS481_02350,136.5,109.0
IS481_02355,832.5,778.0
IS481_02360,5683.83,6398.67
IS481_02365,623.17,2854.5
IS481_02370,21595.33,135550.08
IS481_02375,4316.17,41462.0
IS481_02380,10960.83,9231.17
IS481_02385,11262.83,38086.33
IS481_02390,1473.5,6734.83
IS481_02395,199.0,236.0
IS481_02400,277.75,262.83
IS481_02405,142.25,118.0
IS481_02410,340.5,291.5
IS481_02415,39.5,64.33
IS481_02420,63.83,57.0
IS481_02425,164.33,172.33
IS481_02430,2678.5,3103.33
IS481_02435,621.5,681.83
IS481_02440,47.83,70.0
IS481_02445,84.0,99.33
IS481_02450,83.0,99.17
IS481_02455,113.67,110.5
IS481_02460,3263.5,1254.67
IS481_02465,2482.0,7763.17
IS481_02470,1175.67,246.5
IS481_02475,69249.33,7397.83
IS481_02480,12743.5,876.5
IS481_02485,1207.58,799.33
IS481_02490,3319.33,1919.83
IS481_02495,151.5,96.17
IS481_02500,190.33,137.17
IS481_02505,1438.33,987.5
IS481_02510,430.5,349.5
IS481_02515,8081.33,3240.33
IS481_02520,1460.5,1319.5
IS481_02525,2134.83,1321.25
IS481_02530,385.0,611.0
IS481_02535,306.0,372.83
IS481_02540,419.0,406.0
IS481_02545,891.25,904.25
IS481_02550,2543.0,1169.0
IS481_02555,1130.67,233.0
IS481_02560,726.83,1863.0
IS481_02565,399.33,388.5
IS481_02570,338.25,289.0
IS481_02575,2114.5,1103.0
IS481_02580,372.83,159.0
IS481_02585,252.0,228.83
IS481_02590,333.0,281.25
IS481_02595,1610.5,1010.42
IS481_02600,1827.0,2915.0
IS481_02605,2784.25,4490.67
IS481_02610,2692.67,2742.87
IS481_02620,523.42,513.5
IS481_02625,440.5,605.33
IS481_02630,4987.0,4810.33
IS481_02635,2438.5,2633.0
IS481_02640,16039.5,19523.67
IS481_02645,5576.83,5746.58
IS481_02650,4891.17,9019.33
IS481_02655,9286.0,12430.92
IS481_02660,3670.33,2852.0
IS481_02665,3977.0,4681.33
IS481_02670,13254.92,9062.5
IS481_02675,3515.0,2175.67
IS481_02680,2030.83,1275.5
IS481_02685,1759.33,1355.0
IS481_02690,3083.5,2034.75
IS481_02695,12298.17,4671.67
IS481_02700,1238.33,681.17
IS481_02705,3313.0,753.67
IS481_02710,9455.5,4072.0
IS481_02715,6220.25,4671.25
IS481_02720,9174.67,8876.58
IS481_02725,12467.5,21943.42
IS481_02730,6866.17,10628.83
IS481_02735,5222.83,6666.5
IS481_02740,5251.33,6662.83
IS481_02745,274.67,335.5
IS481_02750,1315.33,1267.67
IS481_02755,1688.42,1106.08
IS481_02760,223.83,111.25
IS481_02765,958.75,423.67
IS481_02770,3064.0,4366.92
IS481_02780,777.0,368.17
IS481_02785,442.5,323.0
IS481_02790,303.5,189.0
IS481_02795,116.83,83.33
IS481_02800,93.5,93.17
IS481_02805,122.0,137.0
IS481_02810,1054.5,653.17
IS481_02815,507.67,362.67
IS481_02820,509.5,295.92
IS481_02825,197.83,103.0
IS481_02830,420.67,258.0
IS481_02835,377.08,259.33
IS481_02840,555.08,364.17
IS481_02845,367.5,247.33
IS481_02850,231.67,118.17
IS481_02855,73.33,39.53
IS481_02860,449.83,236.5
IS481_02865,410.5,269.83
IS481_02870,472.0,267.67
IS481_02875,296.08,204.83
IS481_02880,266.5,202.0
IS481_02885,182.5,150.0
IS481_02890,114.33,93.83
IS481_02895,152.83,112.0
IS481_02900,52.5,37.83
IS481_02905,2299.83,704.33
IS481_02910,435.0,91.5
IS481_02915,839.17,249.0
IS481_02920,1090.33,274.67
IS481_02925,1075.0,1035.0
IS481_02930,148.0,93.5
IS481_02935,74.5,76.5
IS481_02940,36.17,34.83
IS481_02945,239.83,165.0
IS481_02950,303.83,295.83
IS481_02955,614.67,404.5
IS481_02960,144.5,136.58
IS481_02965,417.83,340.83
IS481_02970,259.5,203.92
IS481_02975,61.33,68.5
IS481_02980,351.67,340.17
IS481_02985,1228.0,534.83
IS481_02990,4565.5,1271.33
IS481_02995,78.17,71.0
IS481_03000,374.17,270.17
IS481_03005,247.17,168.83
IS481_03010,453.5,245.17
IS481_03015,15013.33,7874.33
IS481_03020,832.5,2809.67
IS481_03025,516.25,1731.0
IS481_03030,8459.75,5363.33
IS481_03035,5432.17,3193.67
IS481_03040,2093.33,1087.0
IS481_03045,3478.5,666.17
IS481_03050,504.83,107.83
IS481_03055,1061.67,329.5
IS481_03060,4534.33,635.83
IS481_03065,2101.0,416.5
IS481_03070,3070.5,2065.83
IS481_03075,3921.83,2825.67
IS481_03080,5411.83,9457.33
IS481_03085,3463.67,1747.33
IS481_03090,436.5,441.83
IS481_03095,3691.17,1916.83
IS481_03100,1840.17,1002.17
IS481_03105,3784.83,2337.0
IS481_03110,5294.75,3468.25
IS481_03115,1893.5,1332.25
IS481_03120,2965.33,2224.0
IS481_03125,12478.25,6387.33
IS481_03130,3411.67,1489.17
IS481_03135,2871.83,1050.67
IS481_03140,328.5,268.0
IS481_03145,99.08,155.5
IS481_03150,167.33,221.67
IS481_03155,1463.33,1774.33
IS481_03160,353.5,334.17
IS481_03165,249.83,154.5
IS481_03170,299.5,232.83
IS481_03175,239.67,225.0
IS481_03180,1056.5,678.83
IS481_03185,202.33,156.83
IS481_03190,460.33,321.83
IS481_03195,635.08,438.67
IS481_03200,366.25,189.17
IS481_03205,287.33,153.33
IS481_03210,1683.17,1752.17
IS481_03215,2639.33,2873.17
IS481_03220,984.5,1084.5
IS481_03225,1606.33,1302.08
IS481_03230,5151.17,1623.17
IS481_03235,5822.83,6914.5
IS481_03240,3031.83,3950.83
IS481_03245,7551.33,332.33
IS481_03250,1846.5,1713.67
IS481_03255,4893.83,6386.33
IS481_03260,1125.0,1018.17
IS481_03265,416.5,560.17
IS481_03270,1078.92,1037.83
IS481_03275,4718.33,3894.5
IS481_03280,4625.33,2853.17
IS481_03285,8031.0,5463.83
IS481_03290,6119.83,5427.0
IS481_03295,1764.33,1343.0
IS481_03300,2527.17,2486.17
IS481_03305,6370.67,15739.0
IS481_03310,1264.0,1152.33
IS481_03315,3512.83,3582.83
IS481_03320,1290.03,1384.83
IS481_03325,1979.0,1586.67
IS481_03330,4372.42,3721.83
IS481_03335,2441.5,2494.83
IS481_03340,3938.83,3460.67
IS481_03345,4700.33,3933.5
IS481_03350,2671.0,2523.33
IS481_03355,5616.5,7077.67
IS481_03360,5367.33,5219.5
IS481_03365,10734.5,15265.17
IS481_03370,355.5,890.33
IS481_03375,3720.83,4416.83
IS481_03380,9873.5,10644.83
IS481_03385,1467.5,806.0
IS481_03390,7404.67,7253.17
IS481_03395,6775.67,48255.08
IS481_03400,4638.67,4664.42
IS481_03405,7949.0,5696.83
IS481_03410,18593.0,16809.75
IS481_03415,486.5,1216.83
IS481_03420,4305.08,3012.67
IS481_03425,1998.42,1210.67
IS481_03430,993.08,1239.25
IS481_03435,9580.75,9398.83
IS481_03440,2767.17,1996.17
IS481_03445,1962.0,1843.83
IS481_03450,6385.33,5621.83
IS481_03455,3510.33,3875.33
IS481_03460,2909.33,2321.5
IS481_03465,2328.67,1872.83
IS481_03470,3797.5,4080.0
IS481_03475,194.5,169.33
IS481_03480,5930.17,5241.33
IS481_03485,12058.33,13495.58
IS481_03490,18606.83,20703.5
IS481_03495,5658.5,8000.42
IS481_03500,9266.75,13290.58
IS481_03505,5814.5,9950.17
IS481_03510,23026.58,29586.25
IS481_03515,6475.0,5676.92
IS481_03520,14973.5,8518.58
IS481_03525,10791.83,6760.92
IS481_03530,2369.17,1799.83
IS481_03535,549.5,505.0
IS481_03540,25812.08,40431.0
IS481_03545,7155.83,12325.92
IS481_03550,11398.83,6526.0
IS481_03555,4879.5,3155.67
IS481_03560,4351.0,3101.67
IS481_03565,5062.17,4124.67
IS481_03570,6556.0,5466.75
IS481_03575,3438.5,2688.42
IS481_03580,3840.0,7140.67
IS481_03585,9281.0,14726.0
IS481_03590,5514.5,9555.67
IS481_03595,6947.33,15230.0
IS481_03600,3684.67,6362.0
IS481_03605,884.33,843.0
IS481_03610,939.5,672.33
IS481_03615,2801.33,2494.67
IS481_03620,4030.75,3070.5
IS481_03625,5315.53,5465.67
IS481_03630,4165.0,3756.5
IS481_03635,1616.83,1358.17
IS481_03640,4854.83,2935.0
IS481_03645,498.67,385.5
IS481_03650,1583.33,914.17
IS481_03655,5175.83,3278.7
IS481_03660,1850.75,5221.08
IS481_03665,10328.0,18549.67
IS481_03670,2011.17,2008.67
IS481_03675,1241.67,1539.33
IS481_03680,3431.33,5949.08
IS481_03685,12298.17,11517.0
IS481_03690,1044.33,697.33
IS481_03695,8206.33,11366.5
IS481_03700,6406.17,9978.33
IS481_03705,10304.33,16227.17
IS481_03710,5310.33,7478.0
IS481_03715,5805.17,7478.0
IS481_03720,1099.33,609.0
IS481_03725,756.0,533.5
IS481_03730,18452.33,6561.0
IS481_03735,36306.67,23039.92
IS481_03740,7657.17,6031.75
IS481_03745,5608.17,8239.17
IS481_03750,1146.67,3013.08
IS481_03755,3166.17,7034.42
IS481_03760,7607.0,5727.67
IS481_03765,1322.5,748.17
IS481_03770,5491.17,2234.83
IS481_03775,1613.0,912.5
IS481_03780,5696.5,3106.08
IS481_03785,2262.17,1218.58
IS481_03790,780.5,853.5
IS481_03795,3009.5,3279.75
IS481_03800,2160.33,2400.83
IS481_03805,4240.67,4855.58
IS481_03810,13416.67,20486.25
IS481_03815,20300.75,30766.5
IS481_03820,4461.83,2973.17
IS481_03825,6706.67,9390.0
IS481_03830,85317.83,36190.33
IS481_03835,28676.67,13069.0
IS481_03840,2719.0,1659.17
IS481_03845,11309.33,5982.83
IS481_03850,7885.75,4623.5
IS481_03855,8331.0,9090.75
IS481_03860,7270.92,6727.83
IS481_03865,2847.83,2112.33
IS481_03870,3705.0,5213.25
IS481_03875,2998.58,6561.75
IS481_03880,6745.0,12374.75
IS481_03885,1474.33,770.0
IS481_03890,1390.5,1375.83
IS481_03895,8146.67,16538.83
IS481_03900,448.0,578.5
IS481_03905,3877.25,4797.67
IS481_03910,1584.17,1511.0
IS481_03915,2453.33,1752.58
IS481_03920,115.5,131.0
IS481_03925,208.5,157.33
IS481_03930,1479.0,774.83
IS481_03935,270.83,136.83
IS481_03940,432.0,228.83
IS481_03945,104.5,67.0
IS481_03950,16766.08,5256.33
IS481_03955,2064.83,876.33
IS481_03960,1541.0,748.5
IS481_03965,3267.25,1898.33
IS481_03970,2580.33,1466.33
IS481_03975,2946.67,2233.33
IS481_03980,842.5,469.67
IS481_03985,1859.0,1054.17
IS481_03990,4085.33,1602.33
IS481_03995,185.83,71.5
IS481_04000,524.67,221.75
IS481_04005,551.33,233.83
IS481_04010,4826.83,4333.0
IS481_04015,2234.33,4763.5
IS481_04020,2548.0,4388.5
IS481_04025,54.75,51.0
IS481_04030,273.67,191.83
IS481_04035,197.83,108.83
IS481_04040,360.33,224.5
IS481_04045,52.0,59.33
IS481_04050,86.83,100.17
IS481_04055,19.33,19.0
IS481_04060,96.83,68.33
IS481_04065,144.33,112.08
IS481_04070,95.83,84.25
IS481_04075,5452.58,12920.92
IS481_04080,4807.58,14583.58
IS481_04085,16154.83,19579.67
IS481_04090,8503.17,15870.83
IS481_04095,644.0,359.0
IS481_04100,426.0,333.5
IS481_04105,755.83,381.0
IS481_04110,521.17,275.33
IS481_04115,609.5,339.83
IS481_04120,209.17,127.67
IS481_04125,584.67,314.33
IS481_04130,1055.17,682.67
IS481_04135,2429.33,1218.5
IS481_04140,545.33,230.83
IS481_04145,745.5,344.0
IS481_04150,4591.17,2209.0
IS481_04155,3843.17,2819.83
IS481_04160,2708.33,1844.0
IS481_04165,3427.92,2603.83
IS481_04170,7767.33,5243.0
IS481_04175,1203.5,608.25
IS481_04180,1949.17,1914.0
IS481_04185,3173.5,3531.83
IS481_04190,2753.33,1259.33
IS481_04195,2215.67,1201.17
IS481_04200,607.17,358.92
IS481_04205,870.0,550.5
IS481_04210,894.33,609.5
IS481_04215,3872.17,1682.0
IS481_04220,1092.5,422.0
IS481_04225,1582.67,524.67
IS481_04230,2292.67,839.0
IS481_04235,2583.5,965.5
IS481_04240,3377.0,4646.0
IS481_04245,1467.17,4169.0
IS481_04250,4323.5,3076.0
IS481_04255,3131.0,2236.5
IS481_04260,5254.67,1353.83
IS481_04265,9347.5,3537.0
IS481_04270,2720.08,920.33
IS481_04275,10420.08,5916.17
IS481_04280,6483.83,3941.0
IS481_04285,1496.58,1061.25
IS481_04290,1330.5,843.33
IS481_04295,2079.08,4047.42
IS481_04300,623.5,922.17
IS481_04305,970.83,601.0
IS481_04310,6046.25,6966.33
IS481_04315,1922.83,1152.0
IS481_04320,3161.5,1150.83
IS481_04325,248.83,424.0
IS481_04330,2240.0,2516.67
IS481_04335,4852.0,6255.33
IS481_04340,4562.5,6452.5
IS481_04345,10114.33,14529.5
IS481_04350,2767.0,2892.33
IS481_04355,27058.25,82493.5
IS481_04360,7433.75,29827.33
IS481_04365,435.67,201.83
IS481_04370,708.5,260.33
IS481_04375,465.33,359.5
IS481_04380,391.0,154.33
IS481_04385,212.25,130.33
IS481_04390,116.33,108.33
IS481_04395,137.5,107.5
IS481_04400,142.83,121.5
IS481_04405,102.5,76.17
IS481_04410,286.33,222.25
IS481_04415,602.5,342.33
IS481_04420,160.17,158.33
IS481_04425,382.83,297.67
IS481_04430,127.17,129.5
IS481_04435,9398.33,2742.0
IS481_04440,1855.75,531.08
IS481_04445,7182.17,7617.83
IS481_04450,1515.83,1103.0
IS481_04455,2059.0,2882.17
IS481_04460,4632.83,6143.0
IS481_04465,11129.17,7581.83
IS481_04470,4119.83,4482.5
IS481_04475,2373.33,4335.58
IS481_04480,883.67,744.83
IS481_04485,2523.83,2497.67
IS481_04490,9698.83,8433.17
IS481_04495,6927.33,7298.33
IS481_04500,1673.83,1046.83
IS481_04505,3488.0,2680.5
IS481_04510,2622.17,1153.5
IS481_04515,1929.42,1291.0
IS481_04520,2236.17,1486.33
IS481_04525,3741.17,2313.0
IS481_04530,1560.83,867.83
IS481_04535,1057.58,963.33
IS481_04540,410.33,257.67
IS481_04545,1659.83,1387.5
IS481_04550,9704.17,9325.33
IS481_04555,1955.83,1097.33
IS481_04560,1506.33,903.17
IS481_04565,4673.33,2465.17
IS481_04570,20998.17,11992.83
IS481_04575,29890.92,13099.75
IS481_04580,13355.58,9735.42
IS481_04585,11291.5,9108.0
IS481_04590,7999.0,8191.5
IS481_04595,9561.33,8775.17
IS481_04600,24660.33,16566.33
IS481_04605,2374.33,1348.33
IS481_04610,3995.5,3653.83
IS481_04615,5688.17,6788.0
IS481_04620,5585.33,6178.17
IS481_04625,7038.08,7127.33
IS481_04630,11428.33,11194.5
IS481_04635,8770.0,6164.0
IS481_04640,4844.17,4525.33
IS481_04645,4334.0,3673.33
IS481_04650,4360.0,3936.0
IS481_04655,2648.67,1643.5
IS481_04660,1904.67,1451.92
IS481_04665,797.83,561.0
IS481_04670,4466.5,2508.33
IS481_04675,12914.53,9006.33
IS481_04680,2310.0,1940.0
IS481_04685,780.83,795.0
IS481_04690,1030.0,695.33
IS481_04695,9053.67,3918.33
IS481_04700,1166.17,372.33
IS481_04705,391.67,363.0
IS481_04710,342.5,284.0
IS481_04715,506.0,622.5
IS481_04720,607.67,1372.67
IS481_04725,118.0,292.33
IS481_04730,150.0,387.0
IS481_04735,90.33,266.5
IS481_04740,994.0,1219.67
IS481_04745,273.17,424.17
IS481_04755,387.0,537.33
IS481_04760,4265.33,6176.0
IS481_04765,689.0,452.5
IS481_04770,255.17,159.25
IS481_04775,700.17,230.5
IS481_04780,485.33,177.83
IS481_04785,732.83,359.17
IS481_04790,1727.17,1015.0
IS481_04795,1778.5,659.5
IS481_04800,4998.83,742.83
IS481_04805,4717.5,1457.75
IS481_04810,3660.17,1161.25
IS481_04815,10340.5,5919.92
IS481_04820,7488.92,3136.2
IS481_04825,1319.5,602.17
IS481_04830,149.0,139.5
IS481_04835,129.33,114.0
IS481_04840,398.33,389.33
IS481_04845,1102.0,1894.33
IS481_04850,845.42,1646.67
IS481_04855,266.75,666.0
IS481_04860,200.5,260.0
IS481_04865,740.83,590.83
IS481_04870,2294.33,1537.5
IS481_04875,1325.33,672.5
IS481_04880,1965.67,988.17
IS481_04885,1218.33,690.0
IS481_04890,4078.67,4715.67
IS481_04895,303.17,458.33
IS481_04900,5114.83,3964.33
IS481_04905,1029.0,573.33
IS481_04910,2617.33,2881.67
IS481_04915,393.5,1024.0
IS481_04920,1472.5,1689.17
IS481_04925,602.17,327.83
IS481_04930,2170.33,1381.58
IS481_04935,2068.83,1297.83
IS481_04940,3410.83,1357.0
IS481_04945,4575.5,2079.33
IS481_04950,33915.5,26755.5
IS481_04955,3139.83,2422.75
IS481_04960,1190.5,810.5
IS481_04965,10453.75,20532.33
IS481_04970,4593.33,10772.5
IS481_04975,4609.5,11313.5
IS481_04980,1608.33,3094.42
IS481_04985,5683.67,14213.33
IS481_04990,7081.17,10150.75
IS481_04995,4790.75,27017.83
IS481_05000,2780.0,16126.0
IS481_05005,3199.83,17827.5
IS481_05010,2151.67,12393.0
IS481_05015,2166.67,9356.0
IS481_05020,1376.5,6829.67
IS481_05025,1619.83,12308.5
IS481_05030,1264.33,9857.5
IS481_05035,1594.5,9349.67
IS481_05040,1758.83,9350.0
IS481_05045,1017.0,6716.0
IS481_05050,1852.5,5745.92
IS481_05055,2827.5,2436.0
IS481_05060,4782.33,22293.5
IS481_05065,6774.0,6478.17
IS481_05070,4339.17,7486.33
IS481_05075,1433.0,3854.67
IS481_05080,1077.17,3280.17
IS481_05085,2088.0,5868.17
IS481_05090,820.33,1431.0
IS481_05095,1185.83,2845.25
IS481_05100,1957.67,5857.0
IS481_05105,1702.83,4593.5
IS481_05110,879.33,3069.75
IS481_05115,3425.42,6958.0
IS481_05120,2629.83,3059.33
IS481_05125,7416.17,6858.08
IS481_05130,4482.33,3317.0
IS481_05135,4518.5,3187.33
IS481_05140,3500.5,2446.83
IS481_05145,10341.33,7856.0
IS481_05150,2132.5,2813.67
IS481_05155,1383.33,3107.42
IS481_05160,1388.83,2916.83
IS481_05165,856.25,1573.67
IS481_05170,344.58,718.83
IS481_05175,1220.08,1992.83
IS481_05180,2449.17,1771.83
IS481_05185,1368.5,1054.5
IS481_05190,1050.0,785.17
IS481_05195,974.5,563.5
IS481_05200,2417.58,1494.33
IS481_05205,531.92,352.83
IS481_05210,511.83,365.67
IS481_05215,3814.5,3850.17
IS481_05220,2491.83,2586.83
IS481_05225,2602.0,2520.33
IS481_05230,2973.17,2622.83
IS481_05235,20152.75,25373.67
IS481_05240,3738.5,2545.83
IS481_05245,2800.5,2690.92
IS481_05250,4584.67,3501.0
IS481_05255,7074.42,4649.08
IS481_05260,687.0,522.5
IS481_05265,2078.0,1880.33
IS481_05275,36.17,85.17
IS481_05280,1552.83,901.83
IS481_05285,383.83,257.83
IS481_05290,1274.0,912.0
IS481_05295,479.83,178.83
IS481_05300,1545.33,765.75
IS481_05305,2592.0,2213.5
IS481_05310,17351.17,7579.83
IS481_05315,919.33,896.0
IS481_05320,717.67,617.0
IS481_05325,2127.5,1816.17
IS481_05330,491.5,399.67
IS481_05335,3820.67,2821.17
IS481_05340,7210.17,4077.5
IS481_05345,9260.33,7913.17
IS481_05350,2553.5,1319.75
IS481_05355,6713.0,1898.67
IS481_05360,1349.0,731.83
IS481_05365,1250.67,939.75
IS481_05370,1096.17,587.5
IS481_05375,2311.33,1009.0
IS481_05380,1190.83,625.67
IS481_05385,2746.08,1376.33
IS481_05390,2719.67,1414.33
IS481_05395,2161.83,1316.33
IS481_05400,3064.33,2234.33
IS481_05405,6512.17,4976.5
IS481_05410,4487.0,2977.92
IS481_05415,2670.67,923.5
IS481_05420,3653.08,1368.17
IS481_05425,8257.33,6101.5
IS481_05430,2086.0,1967.17
IS481_05435,30989.0,54580.5
IS481_05440,527.17,1605.33
IS481_05445,6792.5,35002.67
IS481_05450,11319.67,43300.42
IS481_05455,5587.5,21544.33
IS481_05460,22446.92,108139.92
IS481_05465,11875.92,50465.92
IS481_05470,4589.67,14735.67
IS481_05475,4893.67,26349.67
IS481_05480,3010.0,13119.5
IS481_05485,392.17,6857.17
IS481_05490,399.5,6874.33
IS481_05495,423.17,9690.0
IS481_05500,458.67,7951.83
IS481_05505,245.33,4148.83
IS481_05510,231.5,4968.92
IS481_05515,213.67,3012.53
IS481_05520,371.83,2586.33
IS481_05525,538.83,1281.83
IS481_05530,2745.0,9319.92
IS481_05535,521.67,2210.5
IS481_05540,5249.33,13770.67
IS481_05545,1560.33,5921.33
IS481_05550,814.83,3492.08
IS481_05555,6091.33,14647.58
IS481_05560,1677.5,999.83
IS481_05565,605.83,3186.5
IS481_05570,1493.17,6623.58
IS481_05575,783.5,6477.92
IS481_05580,689.0,1657.0
IS481_05585,4722.5,4778.0
IS481_05590,11023.17,1547.33
IS481_05595,5458.67,2005.75
IS481_05600,5844.92,1997.0
IS481_05605,5485.0,1871.17
IS481_05610,4410.0,2328.0
IS481_05615,3556.83,2951.0
IS481_05620,778.33,682.0
IS481_05625,818.5,673.67
IS481_05630,544.83,1000.83
IS481_05635,198.83,599.0
IS481_05640,175.33,462.0
IS481_05645,114.83,236.0
IS481_05650,391.0,518.83
IS481_05655,544.17,575.67
IS481_05660,324.75,296.5
IS481_05665,1456.92,829.0
IS481_05670,863.5,2397.33
IS481_05675,4101.25,1852.5
IS481_05680,153.83,123.5
IS481_05685,218.0,245.17
IS481_05690,1716.0,670.0
IS481_05695,8665.33,6403.67
IS481_05700,2278.33,1737.0
IS481_05705,3426.83,1620.42
IS481_05710,4408.83,5753.17
IS481_05715,5857.83,7969.17
IS481_05720,9482.17,8241.58
IS481_05725,7669.0,4445.83
IS481_05730,3889.83,3906.83
IS481_05735,2465.37,1674.33
IS481_05740,2080.5,1255.92
IS481_05745,4773.0,4359.0
IS481_05750,514.33,581.83
IS481_05755,146.33,204.75
IS481_05760,336.67,558.0
IS481_05765,165.0,314.0
IS481_05770,403.33,637.5
IS481_05775,464.5,712.0
IS481_05780,188.5,453.0
IS481_05785,1144.67,2546.17
IS481_05790,470.17,435.0
IS481_05795,2233.83,1001.83
IS481_05800,3046.42,2193.83
IS481_05805,2346.0,1722.0
IS481_05810,6587.33,6502.67
IS481_05815,4264.5,2957.92
IS481_05820,1618.83,1316.42
IS481_05825,2229.5,11044.67
IS481_05830,1909.33,8405.67
IS481_05835,6325.67,30292.33
IS481_05840,1023.33,3049.0
IS481_05845,9547.33,44454.92
IS481_05850,2195.17,11477.67
IS481_05855,2359.0,1774.33
IS481_05860,1654.17,1976.33
IS481_05865,1261.17,1280.67
IS481_05870,1886.5,1861.92
IS481_05875,7850.0,6446.5
IS481_05880,1390.0,2313.67
IS481_05885,906.67,1206.83
IS481_05890,4345.5,3007.33
IS481_05895,3180.5,2521.17
IS481_05900,4896.58,1927.5
IS481_05905,3543.17,1418.67
IS481_05910,2008.83,856.0
IS481_05915,903.67,390.0
IS481_05920,1440.83,698.5
IS481_05925,4061.17,3752.5
IS481_05930,3298.0,3384.0
IS481_05935,6538.17,4767.67
IS481_05940,1675.33,990.58
IS481_05945,4984.0,2782.83
IS481_05950,1301.0,869.33
IS481_05955,1835.83,1554.33
IS481_05960,3329.17,1310.75
IS481_05965,461.0,221.75
IS481_05970,1752.83,316.83
IS481_05975,3019.17,1925.83
IS481_05980,4327.08,2432.33
IS481_05985,12450.58,13464.87
IS481_05990,3637.0,2766.2
IS481_05995,1550.17,755.83
IS481_06000,4878.33,5702.83
IS481_06005,5509.42,5238.33
IS481_06010,2291.0,3057.0
IS481_06015,5378.42,6480.17
IS481_06020,3982.5,4100.83
IS481_06025,6280.5,8257.83
IS481_06030,1146.0,630.0
IS481_06035,11711.83,10805.08
IS481_06040,1033.5,1061.5
IS481_06045,1156.5,1616.5
IS481_06050,897.33,1034.83
IS481_06055,655.5,486.17
IS481_06060,73.5,59.83
IS481_06065,552.5,397.67
IS481_06070,351.5,327.67
IS481_06075,7733.0,7132.0
IS481_06080,8172.33,6125.5
IS481_06085,9236.33,5478.25
IS481_06090,29977.17,22721.0
IS481_06095,4937.83,2195.83
IS481_06100,6468.83,6357.67
IS481_06105,3521.33,2961.33
IS481_06110,2180.67,1359.33
IS481_06115,3263.83,1850.0
IS481_06120,1580.0,1206.67
IS481_06125,3661.17,3137.67
IS481_06130,585.0,489.17
IS481_06135,395.17,347.0
IS481_06140,737.67,846.33
IS481_06145,5418.5,5459.33
IS481_06150,6186.58,3788.5
IS481_06155,1703.0,1005.5
IS481_06160,8525.67,3705.33
IS481_06165,9751.67,3462.67
IS481_06170,6446.83,1874.67
IS481_06175,52020.5,37144.33
IS481_06180,3045.5,1485.33
IS481_06185,5382.33,2389.0
IS481_06190,2582.5,2146.0
IS481_06195,1371.17,1300.17
IS481_06200,2226.75,1536.67
IS481_06205,1045.33,1030.87
IS481_06210,575.33,486.03
IS481_06215,777.5,515.33
IS481_06220,1899.0,928.5
IS481_06225,2014.5,1070.0
IS481_06230,3617.33,2005.83
IS481_06235,984.5,663.0
IS481_06240,2381.33,1859.5
IS481_06245,13956.83,26848.75
IS481_06250,2787.67,3759.0
IS481_06255,3831.17,3254.0
IS481_06260,295.0,257.5
IS481_06265,4560.5,2397.83
IS481_06270,1684.0,631.5
IS481_06275,8357.33,6510.17
IS481_06280,56914.0,53127.28
IS481_06285,22104.5,15779.25
IS481_06290,2395.0,1975.83
IS481_06295,4586.5,3741.17
IS481_06300,3240.0,2436.17
IS481_06305,1629.0,1224.5
IS481_06310,19823.0,24131.83
IS481_06315,20120.75,19978.0
IS481_06320,2586.0,2863.42
IS481_06325,2893.67,2890.5
IS481_06330,1264496.75,1620301.08
IS481_06335,10015.83,29642.83
IS481_06340,991.5,1789.33
IS481_06345,6160.67,16274.0
IS481_06350,7652.0,16046.67
IS481_06355,5977.5,8976.67
IS481_06360,238.5,128.5
IS481_06365,3032.17,2892.0
IS481_06370,1075.83,1583.0
IS481_06375,149.5,197.17
IS481_06380,988.0,1741.33
IS481_06385,209.33,262.5
IS481_06390,275.83,445.0
IS481_06395,232.33,390.0
IS481_06400,947.0,1805.0
IS481_06405,314409.92,112238.0
IS481_06410,29546.37,8981.08
IS481_06415,22395.0,4470.75
IS481_06420,836.83,999.67
IS481_06425,964.33,433.5
IS481_06430,987.83,1384.0
IS481_06435,4268.08,3677.67
IS481_06440,2172.67,3401.42
IS481_06445,535.83,2169.5
IS481_06450,836.33,416.33
IS481_06455,3327.5,2390.83
IS481_06460,1481.17,760.17
IS481_06465,4993.5,3222.33
IS481_06470,2203.75,1875.42
IS481_06475,2636.0,2126.0
IS481_06480,6218.83,4225.83
IS481_06485,5426.92,2247.0
IS481_06490,53297.17,22605.75
IS481_06495,33285.92,21671.33
IS481_06500,23337.92,12212.58
IS481_06505,25420.58,15556.58
IS481_06510,39857.0,20474.83
IS481_06515,24750.33,21603.67
IS481_06520,17067.5,10236.25
IS481_06525,1692.83,2320.0
IS481_06530,854.83,1000.5
IS481_06535,1963.67,3159.67
IS481_06540,7841.0,5611.75
IS481_06545,542.5,497.42
IS481_06550,3352.0,2699.83
IS481_06555,1117.33,943.17
IS481_06560,859.33,741.92
IS481_06565,1274.5,1041.17
IS481_06570,748.0,492.5
IS481_06575,1406.17,1675.0
IS481_06580,1257.0,1531.67
IS481_06585,3248.0,14719.0
IS481_06590,466.83,2877.17
IS481_06595,2230.33,2761.0
IS481_06600,198.33,101.33
IS481_06605,1489.17,698.75
IS481_06610,824.5,881.75
IS481_06615,5305.17,3714.92
IS481_06620,1977.0,1410.5
IS481_06625,11872.0,34589.5
IS481_06630,1380.0,711.5
IS481_06635,1667.67,1908.0
IS481_06640,2530.67,3600.17
IS481_06645,2905.17,3267.83
IS481_06650,37979.5,3584.67
IS481_06655,552.33,402.67
IS481_06660,1406.0,628.0
IS481_06665,2580.17,2760.17
IS481_06670,2533.17,1763.67
IS481_06675,4752.5,1150.0
IS481_06680,26845.67,6381.0
IS481_06685,1521.5,1913.42
IS481_06690,2030.0,2138.83
IS481_06695,13579.83,9625.58
IS481_06700,1019.33,1338.5
IS481_06705,1852.67,2160.33
IS481_06710,24034.7,24908.67
IS481_06715,953.33,1482.83
IS481_06720,1270.0,1217.83
IS481_06725,1900.0,2369.67
IS481_06730,14576.17,26290.78
IS481_06735,6663.83,5490.33
IS481_06740,4506.75,3870.67
IS481_06745,5812.0,6597.0
IS481_06750,2596.5,2530.5
IS481_06755,1676.0,1267.33
IS481_06760,1489.5,919.33
IS481_06765,1517.33,1524.67
IS481_06770,878.17,811.33
IS481_06775,690.0,1278.83
IS481_06780,1845.33,996.83
IS481_06785,492.67,487.33
IS481_06790,721.33,509.83
IS481_06795,842.0,670.33
IS481_06800,2732.33,1580.5
IS481_06805,2714.0,1569.5
IS481_06810,11335.5,9869.75
IS481_06815,1311.83,895.33
IS481_06820,2033.0,1265.33
IS481_06825,2649.67,1595.67
IS481_06830,2413.83,3876.33
IS481_06835,4699.5,5813.67
IS481_06840,1959.33,1519.67
IS481_06845,873.0,582.5
IS481_06850,2732.17,2439.83
IS481_06855,1477.0,818.0
IS481_06860,1040.17,1193.83
IS481_06865,816.33,591.0
IS481_06870,1788.0,1794.23
IS481_06875,1449.33,746.0
IS481_06880,4767.17,22422.67
IS481_06885,1915.33,1876.83
IS481_06890,1154.0,796.17
IS481_06895,2567.83,1640.58
IS481_06900,1112.0,622.0
IS481_06905,570.5,754.83
IS481_06910,603.83,508.33
IS481_06915,1181.17,951.33
IS481_06920,2773.0,1793.83
IS481_06925,4725.67,2848.42
IS481_06930,672.67,509.17
IS481_06935,1824.17,1685.17
IS481_06940,9922.33,9533.67
IS481_06945,5879.67,5332.5
IS481_06950,22382.67,23385.17
IS481_06955,1291.33,829.67
IS481_06960,1302.0,1009.83
IS481_06965,6577.5,3863.67
IS481_06970,2575.0,1613.5
IS481_06975,2367.83,1954.83
IS481_06980,3943.67,1654.17
IS481_06985,1616.83,1497.33
IS481_06990,4065.67,2534.83
IS481_06995,8722.67,5094.17
IS481_07000,41856.17,9685.08
IS481_07005,1062.92,529.5
IS481_07010,395.17,524.0
IS481_07015,166.75,166.33
IS481_07020,513.5,428.58
IS481_07025,7517.17,5173.75
IS481_07030,2201.0,1787.67
IS481_07035,2601.83,1836.0
IS481_07040,4883.42,2825.33
IS481_07045,70186.5,35136.12
IS481_07050,4342.17,1578.83
IS481_07055,1488.33,730.42
IS481_07060,798.0,402.83
IS481_07065,400.33,533.17
IS481_07070,332.33,272.83
IS481_07075,792.83,636.0
IS481_07080,51.33,114.33
IS481_07085,2254.17,1930.5
IS481_07090,3846.33,6317.0
IS481_07095,4954.83,3923.75
IS481_07100,3778.17,3593.25
IS481_07105,42499.17,77119.5
IS481_07110,2271.67,2704.33
IS481_07115,2480.67,2477.67
IS481_07120,1005.5,596.33
IS481_07125,1384.83,1248.75
IS481_07130,4226.17,8073.58
IS481_07135,15611.5,38229.5
IS481_07140,9282.5,10610.17
IS481_07145,2723.83,4444.0
IS481_07150,26037.0,15824.75
IS481_07155,10836.5,11625.17
IS481_07160,4023.5,4591.5
IS481_07165,3819.0,3650.33
IS481_07170,4699.17,3009.25
IS481_07175,10845.83,7946.92
IS481_07180,1583.83,1095.5
IS481_07185,8250.75,8732.17
IS481_07190,4743.08,2782.17
IS481_07195,6814.33,4049.17
IS481_07200,622.5,512.0
IS481_07205,14373.5,11258.5
IS481_07210,4869.17,8650.83
IS481_07215,8158.08,7718.17
IS481_07220,4050.58,3767.17
IS481_07225,5569.67,5871.83
IS481_07230,11305.0,8710.5
IS481_07235,5058.5,2350.42
IS481_07240,3197.5,1645.67
IS481_07245,2882.33,1605.5
IS481_07250,3866.0,1939.5
IS481_07255,3511.5,1808.17
IS481_07260,6372.75,4937.83
IS481_07265,5056.67,2834.75
IS481_07270,6862.5,4855.5
IS481_07275,3610.5,2303.75
IS481_07280,3000.67,1736.33
IS481_07285,4758.83,16139.0
IS481_07290,16211.33,32196.92
IS481_07295,885.25,457.5
IS481_07300,832.17,682.0
IS481_07305,842.5,811.17
IS481_07310,536.17,488.33
IS481_07315,580.0,318.83
IS481_07320,9766.5,5842.83
IS481_07325,412.17,377.33
IS481_07330,18424.58,26469.33
IS481_07335,6484.17,3139.53
IS481_07340,15916.17,26695.17
IS481_07345,10917.17,16138.92
IS481_07350,1159.5,1262.83
IS481_07355,1780.5,1644.5
IS481_07360,2598.17,1077.0
IS481_07365,4518.5,3437.33
IS481_07370,12648.33,9119.08
IS481_07375,12447.58,15905.75
IS481_07380,831.08,962.33
IS481_07385,6931.67,8452.5
IS481_07390,7356.83,10646.08
IS481_07395,25251.33,61649.42
IS481_07400,15211.0,38889.67
IS481_07405,21093.58,48576.83
IS481_07410,11049.17,3540.33
IS481_07415,20749.17,15949.83
IS481_07420,1503.17,1757.5
IS481_07425,1443.5,1863.83
IS481_07430,3581.33,3881.0
IS481_07435,939.5,9140.75
IS481_07440,939.75,611.17
IS481_07445,7174.37,4889.67
IS481_07450,2799.17,2470.33
IS481_07455,5941.5,2467.5
IS481_07460,11434.75,6907.58
IS481_07465,5395.0,5041.58
IS481_07470,4077.17,3004.58
IS481_07475,1899.5,1537.5
IS481_07480,6488.83,4870.33
IS481_07485,2592.42,912.5
IS481_07490,64633.17,115297.83
IS481_07495,4314.0,4137.17
IS481_07500,3790.5,4824.0
IS481_07505,1800.83,1957.83
IS481_07510,6189.33,2410.83
IS481_07515,8296.5,4371.33
IS481_07520,9684.75,5609.42
IS481_07525,6489.87,3186.42
IS481_07530,3661.0,1034.0
IS481_07535,2716.0,1136.67
IS481_07540,11995.83,18213.0
IS481_07545,2066.0,1374.5
IS481_07550,3147.33,3872.08
IS481_07555,2508.5,1391.17
IS481_07560,3318.5,1479.5
IS481_07565,4271.5,1311.33
IS481_07570,857.0,572.33
IS481_07575,653.0,375.67
IS481_07580,959.83,750.67
IS481_07585,1175.33,862.33
IS481_07590,1398.17,1498.25
IS481_07595,8570.33,7385.08
IS481_07600,1385.0,1048.58
IS481_07605,15442.92,11025.5
IS481_07610,1292.0,813.0
IS481_07615,282.0,159.0
IS481_07620,341.83,141.5
IS481_07625,432.08,208.67
IS481_07630,527.83,248.83
IS481_07635,725.33,79.0
IS481_07640,1833.33,372.0
IS481_07645,656.83,173.33
IS481_07650,1361.0,362.83
IS481_07655,561.67,191.33
IS481_07660,1241.58,565.67
IS481_07665,350.33,202.5
IS481_07670,977.5,525.58
IS481_07675,2835.75,1862.5
IS481_07680,4623.0,1675.5
IS481_07685,1185.67,572.0
IS481_07695,3271.67,20580.33
IS481_07700,1023.33,6372.25
IS481_07705,585.67,5374.5
IS481_07710,805.0,2205.17
IS481_07715,5827.5,21664.58
IS481_07720,1920.17,22011.5
IS481_07725,5534.5,51156.75
IS481_07730,9048.0,79108.08
IS481_07735,4732.67,30128.83
IS481_07740,1905.0,13567.2
IS481_07745,764.5,5037.12
IS481_07750,2436.33,12322.0
IS481_07755,1139.67,4822.0
IS481_07760,5500.33,25692.25
IS481_07765,2443.33,12832.17
IS481_07770,2042.17,8148.5
IS481_07775,7567.17,12843.42
IS481_07780,1126.0,2702.75
IS481_07785,3785.83,15653.33
IS481_07790,1096.67,3332.5
IS481_07795,4660.67,16954.17
IS481_07800,1920.33,5499.42
IS481_07805,1067.67,3454.67
IS481_07810,655.33,2355.5
IS481_07815,1850.33,6934.33
IS481_07820,1005.0,2892.33
IS481_07825,3239.5,12391.58
IS481_07830,3330.5,7010.0
IS481_07835,7917.08,9164.83
IS481_07840,1390.33,1272.33
IS481_07845,3963.33,2714.17
IS481_07850,2726.67,2146.17
IS481_07855,17261.0,17640.83
IS481_07860,8638.0,9767.0
IS481_07865,3947.75,3659.5
IS481_07870,13244.17,17060.5
IS481_07875,4471.83,3501.5
IS481_07880,719.0,474.0
IS481_07885,1277.5,1315.83
IS481_07890,786.0,289.67
IS481_07895,10395.0,23482.33
IS481_07900,8529.17,8505.5
IS481_07905,35886.33,32568.83
IS481_07910,12023.42,6687.58
IS481_07915,4987.08,1879.42
IS481_07920,2309.03,2122.0
IS481_07925,4403.83,2831.58
IS481_07930,39592.67,58484.67
IS481_07935,1029.33,1010.0
IS481_07940,4908.0,8687.0
IS481_07945,3823.0,3177.83
IS481_07950,2610.33,1504.33
IS481_07955,1597.0,1092.25
IS481_07960,1676.33,1882.25
IS481_07965,1325.75,1828.08
IS481_07970,1410.33,1645.0
IS481_07975,1435.17,1298.17
IS481_07980,1231.67,673.25
IS481_07985,2197.17,1471.33
IS481_07990,9932.33,7197.33
IS481_07995,22136.83,20529.17
IS481_08000,7346.0,10169.67
IS481_08005,9371.5,9309.67
IS481_08010,8899.75,10856.83
IS481_08015,7500.0,2645.92
IS481_08020,6324.17,3051.0
IS481_08025,5384.0,11714.5
IS481_08030,945.5,2396.0
IS481_08035,687.83,1970.33
IS481_08040,2106.0,10773.0
IS481_08045,2589.33,11016.17
IS481_08050,1824.17,1931.67
IS481_08055,1655.0,3599.42
IS481_08060,3489.0,4745.42
IS481_08065,101.83,347.0
IS481_08070,1509.83,2888.33
IS481_08075,1146.5,648.17
IS481_08080,4170.83,5017.53
IS481_08085,6458.33,7250.83
IS481_08090,3908.83,7125.33
IS481_08095,1117.33,2126.5
IS481_08100,1898.33,1419.0
IS481_08105,797.83,834.33
IS481_08110,1134.33,1019.33
IS481_08115,12137.0,4616.58
IS481_08120,2679.0,1916.67
IS481_08125,1660.17,933.17
IS481_08130,522.5,371.33
IS481_08135,3467.5,2475.5
IS481_08140,4527.83,3595.5
IS481_08145,18364.17,14838.33
IS481_08150,3506.83,2649.67
IS481_08155,1285.33,716.0
IS481_08160,89324.75,15534.33
IS481_08165,709.17,700.33
IS481_08170,2555.33,2547.92
IS481_08175,747.33,292.5
IS481_08180,800.33,494.5
IS481_08185,2770.83,1498.5
IS481_08190,4574.83,2450.33
IS481_08195,4388.83,1694.67
IS481_08200,6473.17,7588.67
IS481_08205,6788.5,6466.17
IS481_08210,44502.0,17031.17
IS481_08215,38873.0,20828.83
IS481_08220,50456.87,29916.0
IS481_08225,2569.17,1634.0
IS481_08230,4643.33,2402.08
IS481_08235,8157.08,4151.33
IS481_08240,2901.17,941.58
IS481_08245,3374.33,1608.75
IS481_08250,4231.33,2354.5
IS481_08255,1250.5,620.33
IS481_08260,3908.5,5142.08
IS481_08265,2142.5,1051.0
IS481_08270,10486.92,3392.67
IS481_08275,37059.0,35277.17
IS481_08280,41600.67,44137.67
IS481_08285,27623.92,18350.67
IS481_08290,32152.25,17256.17
IS481_08295,3982.08,2709.5
IS481_08300,17216.5,13341.67
IS481_08305,4676.33,4264.0
IS481_08310,5695.83,5129.83
IS481_08315,2654.0,1346.5
IS481_08320,1567.5,1159.5
IS481_08325,190.0,95.0
IS481_08335,6419.33,16132.33
IS481_08340,780.33,1254.33
IS481_08345,637.33,869.0
IS481_08350,1007.5,742.75
IS481_08355,6724.17,2862.17
IS481_08360,6766.33,2796.83
IS481_08365,4358.08,3218.37
IS481_08370,3912.17,3137.5
IS481_08375,2600.5,1830.33
IS481_08380,3324.5,2115.83
IS481_08385,1839.67,1116.67
IS481_08390,3146.0,3549.42
IS481_08395,12909.33,18358.67
IS481_08400,7094.42,6267.25
IS481_08405,3493.45,3463.5
IS481_08410,1006.83,1547.0
IS481_08415,522.33,738.83
IS481_08420,297.5,279.5
IS481_08425,344.33,317.83
IS481_08430,2858.58,2753.0
IS481_08435,472.0,434.5
IS481_08440,596.17,573.5
IS481_08445,279.67,168.5
IS481_08450,344.0,271.5
IS481_08455,107.33,77.17
IS481_08460,88.17,66.33
IS481_08465,170.17,142.83
IS481_08470,1512.33,1139.33
IS481_08475,119.5,87.33
IS481_08480,3556.33,2865.17
IS481_08485,6808.5,5078.17
IS481_08490,8743.83,5429.83
IS481_08500,100.83,198.0
IS481_08505,4358.83,3085.25
IS481_08510,2610.67,1801.0
IS481_08515,2289.67,1192.33
IS481_08520,4350.0,2007.92
IS481_08525,1531.67,1740.7
IS481_08530,3042.67,4982.17
IS481_08535,1885.83,1832.5
IS481_08540,2778.75,2149.5
IS481_08545,109.5,138.17
IS481_08550,4246.0,3224.08
IS481_08555,560.33,531.67
IS481_08565,1869.75,2557.5
IS481_08570,2785.83,5094.33
IS481_08575,2218.33,3995.92
IS481_08580,1392.87,2080.75
IS481_08585,2995.92,7502.17
IS481_08590,1952.0,2989.25
IS481_08595,3632.33,2591.67
IS481_08600,3814.67,2606.2
IS481_08605,10997.75,7802.83
IS481_08610,267.67,167.83
IS481_08615,4008.17,3149.67
IS481_08620,7076.17,4346.75
IS481_08625,216.83,230.58
IS481_08630,18502.33,36432.17
IS481_08635,10697.83,38661.25
IS481_08640,8427.83,27442.83
IS481_08645,3238.17,1831.5
IS481_08650,3568.83,3482.5
IS481_08655,4280.33,3071.5
IS481_08660,4325.75,2277.83
IS481_08665,3535.25,3402.17
IS481_08670,1127.33,1304.0
IS481_08675,2923.83,1377.0
IS481_08680,4240.5,3397.83
IS481_08685,3670.83,2869.42
IS481_08690,9802.67,4412.0
IS481_08695,8444.0,5914.83
IS481_08700,1360.5,1757.17
IS481_08705,4749.0,4697.33
IS481_08710,2489.33,6249.17
IS481_08715,946.0,3128.5
IS481_08720,2326.17,2143.83
IS481_08725,1119.92,802.42
IS481_08730,3603.5,1927.75
IS481_08735,4294.67,8039.83
IS481_08740,1971.17,3170.17
IS481_08745,500.83,759.5
IS481_08750,2291.5,3573.33
IS481_08755,3847.0,5245.58
IS481_08760,2181.5,2275.5
IS481_08765,99.83,248.0
IS481_08770,55.67,104.67
IS481_08775,1343.75,6657.83
IS481_08780,871.58,3607.17
IS481_08785,2028.33,2676.5
IS481_08790,2357.92,4463.5
IS481_08795,4648.0,7181.33
IS481_08805,3974.83,6864.0
IS481_08810,13542.33,3168.0
IS481_08815,8587.67,3892.83
IS481_08820,1137.83,1158.5
IS481_08825,120.83,765.5
IS481_08830,1636.83,5756.67
IS481_08835,2913.83,3561.58
IS481_08840,3491.17,3109.67
IS481_08845,4395.0,5433.17
IS481_08850,6595.83,10242.83
IS481_08855,15473.33,36535.83
IS481_08860,6247.58,5787.5
IS481_08865,1920.5,1476.33
IS481_08870,2926.0,1409.33
IS481_08875,10632.33,13452.0
IS481_08880,9153.5,10392.5
IS481_08885,3728.17,5423.83
IS481_08890,4070.17,3981.17
IS481_08895,12690.17,51343.83
IS481_08905,223.0,140.5
IS481_08910,3585.0,2436.75
IS481_08915,626.0,427.0
IS481_08920,2538.0,1005.33
IS481_08925,1365.17,1045.67
IS481_08930,6190.5,3734.5
IS481_08935,1496.67,1092.5
IS481_08940,1450.83,3964.17
IS481_08945,252.83,331.33
IS481_08950,3967.83,9096.83
IS481_08955,1263.58,1553.5
IS481_08960,1523.83,706.83
IS481_08965,3790.83,3800.5
IS481_08970,693.42,3763.5
IS481_08975,217.83,1484.67
IS481_08980,1273.5,7438.83
IS481_08985,656.0,3766.25
IS481_08990,962.58,3521.83
IS481_08995,779.0,539.33
IS481_09000,656.0,840.0
IS481_09005,554.67,1167.5
IS481_09010,226.67,716.83
IS481_09015,1294.0,2293.17
IS481_09020,1463.5,922.83
IS481_09025,542.5,307.0
IS481_09030,1538.0,1040.0
IS481_09035,1019.5,4173.0
IS481_09040,337.67,2757.33
IS481_09045,1231.5,8208.17
IS481_09050,2426.67,1419.83
IS481_09055,2303.5,1434.0
IS481_09060,5893.83,3834.83
IS481_09065,2477.0,1180.0
IS481_09070,2085.83,1323.83
IS481_09075,5576.75,2064.33
IS481_09080,3895.08,3252.17
IS481_09085,1318.0,886.33
IS481_09090,1652.33,1245.17
IS481_09095,3062.83,2726.83
IS481_09100,2585.25,2085.83
IS481_09105,3761.42,3451.5
IS481_09110,2337.33,2678.5
IS481_09115,4567.5,2290.0
IS481_09120,1348.33,1130.33
IS481_09125,6940.5,4618.58
IS481_09130,10425.58,7454.08
IS481_09135,1565.67,3542.53
IS481_09140,777.33,1256.83
IS481_09145,250.33,207.33
IS481_09150,3920.83,4311.17
IS481_09155,6318.0,12686.0
IS481_09160,22099.83,52036.5
IS481_09165,2811.17,5915.67
IS481_09170,613.0,756.17
IS481_09175,1872.5,1657.17
IS481_09180,1172.5,992.67
IS481_09185,2309.0,2032.0
IS481_09190,1881.83,1967.5
IS481_09195,4243.92,4034.33
IS481_09200,3216.33,2498.33
IS481_09205,1887.33,2086.0
IS481_09210,3562.67,4621.83
IS481_09215,1793.0,2348.0
IS481_09220,1749.33,2109.92
IS481_09225,2458.03,3680.25
IS481_09230,3574.5,6399.83
IS481_09235,7309.5,11951.5
IS481_09240,1795.5,990.0
IS481_09245,1977.0,1175.17
IS481_09250,2627.17,1213.0
IS481_09255,2656.08,1067.67
IS481_09260,8716.17,3435.33
IS481_09265,6738.17,3213.0
IS481_09270,6048.5,5213.67
IS481_09275,1552.17,1344.75
IS481_09280,3582.33,2458.67
IS481_09285,845.17,711.83
IS481_09290,8997.17,11866.33
IS481_09295,789.83,430.83
IS481_09300,2022.0,1926.17
IS481_09305,18943.33,15437.25
IS481_09310,5835.83,4414.17
IS481_09315,4736.08,4427.17
IS481_09320,1440.83,1897.0
IS481_09325,5051.33,7074.83
IS481_09330,4521.53,5718.33
IS481_09335,15377.87,23347.83
IS481_09340,362.83,438.83
IS481_09345,2528.17,2931.5
IS481_09350,4844.0,6585.83
IS481_09355,5620.53,7956.42
IS481_09360,4364.33,6173.25
IS481_09365,1315.17,1218.67
IS481_09370,4907.25,3333.58
IS481_09375,405.67,341.83
IS481_09380,471.5,1341.83
IS481_09385,3229.33,2153.0
IS481_09390,7272.5,23080.83
IS481_09395,3581.5,12800.67
IS481_09400,4077.33,11191.5
IS481_09405,4707.17,4087.83
IS481_09410,1975.17,1850.83
IS481_09415,1329.0,1053.67
IS481_09420,4581.67,2753.33
IS481_09425,3803.75,2895.67
IS481_09430,13004.08,6160.17
IS481_09435,2496.17,1021.83
IS481_09440,13268.33,14769.75
IS481_09445,6061.33,6942.17
IS481_09450,7589.0,7515.5
IS481_09455,4205.33,13757.67
IS481_09460,2286.0,6700.0
IS481_09465,4200.67,4557.08
IS481_09470,865.67,804.83
IS481_09475,2406.0,1904.5
IS481_09480,5749.67,5406.17
IS481_09485,756.0,519.58
IS481_09490,1293.67,2111.5
IS481_09495,172.75,108.0
IS481_09500,220.83,172.33
IS481_09505,881.0,774.5
IS481_09510,983.67,569.08
IS481_09515,658.33,1994.0
IS481_09520,1093.5,1252.5
IS481_09525,2404.33,948.0
IS481_09530,19045.0,24491.17
IS481_09535,11506.58,12598.0
IS481_09540,5705.17,6291.17
IS481_09545,3099.92,3639.17
IS481_09550,4197.25,5651.25
IS481_09555,4223.67,2233.67
IS481_09560,5598.83,3023.17
IS481_09565,451.33,295.0
IS481_09570,56.5,139.83
IS481_09575,634.0,635.5
IS481_09580,2006.67,613.17
IS481_09585,509.33,544.08
IS481_09590,514.83,1296.33
IS481_09595,7606.33,16683.5
IS481_09600,2847.08,1725.33
IS481_09605,1476.83,3051.5
IS481_09610,3951.0,4101.33
IS481_09615,2212.67,1956.33
IS481_09620,381.0,545.17
IS481_09625,570.08,1583.5
IS481_09630,3633.67,3955.83
IS481_09635,2397.58,2408.17
IS481_09640,1319.0,942.0
IS481_09645,7202.5,6767.42
IS481_09650,9280.0,1763.83
IS481_09655,12968.08,45660.75
IS481_09660,1305.0,835.17
IS481_09665,2914.17,2638.33
IS481_09670,1693.0,1453.67
IS481_09675,8084.83,6019.92
IS481_09680,5130.67,2640.42
IS481_09685,5910.0,5231.0
IS481_09690,7566.83,8179.5
IS481_09695,8397.33,12189.92
IS481_09700,1715.33,4357.5
IS481_09705,20378.67,25223.83
IS481_09710,12413.67,18007.33
IS481_09715,10859.0,13654.0
IS481_09720,16094.33,12404.17
IS481_09725,8460.92,5094.17
IS481_09730,12093.75,6375.58
IS481_09735,33636.58,20399.25
IS481_09740,9986.83,3092.33
IS481_09745,2212.17,965.5
IS481_09750,7647.83,2956.0
IS481_09755,6885.0,1846.5
IS481_09760,17705.33,33481.0
IS481_09765,4827.17,7148.0
IS481_09770,2168.67,1095.5
IS481_09775,3055.5,1701.33
IS481_09780,5917.0,3158.25
IS481_09785,8897.58,4822.08
IS481_09790,4819.92,3765.33
IS481_09795,11553.42,7383.33
IS481_09800,12476.75,11441.42
IS481_09805,24935.75,18251.75
IS481_09810,7500.25,6533.17
IS481_09815,4751.17,4306.75
IS481_09820,4023.92,2594.83
IS481_09825,4013.95,2663.83
IS481_09830,5423.17,4952.92
IS481_09835,10529.33,8673.83
IS481_09840,9563.03,9472.83
IS481_09845,23710.83,21884.83
IS481_09850,3931.0,4079.83
IS481_09855,2208.58,1473.17
IS481_09860,2826.0,3121.83
IS481_09865,28470.0,23234.33
IS481_09870,2393.5,1421.0
IS481_09875,1243.5,799.5
IS481_09880,5961.17,4608.5
IS481_09885,8899.33,7424.92
IS481_09890,9668.67,7151.33
IS481_09895,2321.17,1335.17
IS481_09900,10215.0,6317.2
IS481_09905,17797.83,10360.83
IS481_09910,19033.25,11495.5
IS481_09915,18572.58,17457.33
IS481_09920,7163.75,4202.67
IS481_09925,9709.83,4440.33
IS481_09930,6185.33,3703.0
IS481_09935,3634.5,2518.0
IS481_09940,6601.33,4265.0
IS481_09945,5127.58,3366.83
IS481_09950,8583.17,5503.67
IS481_09955,11447.5,8123.17
IS481_09960,17237.58,17450.83
IS481_09965,13706.33,6086.33
IS481_09970,11418.0,5338.5
IS481_09975,4985.33,3371.17
IS481_09980,7217.5,5269.17
IS481_09985,6971.67,2632.83
IS481_09990,1204.5,679.0
IS481_09995,2666.5,2655.42
IS481_10000,1657.17,1643.33
IS481_10005,17370.0,25505.42
IS481_10010,4375.33,9086.5
IS481_10015,14298.92,33309.83
IS481_10020,1767.0,1896.17
IS481_10025,2123.75,2280.67
IS481_10030,6758.33,4413.75
IS481_10035,7088.25,5980.5
IS481_10040,9420.17,7995.5
IS481_10045,4311.33,2035.67
IS481_10050,663.67,1007.0
IS481_10055,3179.67,6040.67
IS481_10060,911.0,1608.17
IS481_10065,1417.83,2183.0
IS481_10070,1037.83,1368.33
IS481_10075,5751.0,6619.0
IS481_10080,13000.5,9654.75
IS481_10085,6356.17,4046.83
IS481_10090,2133.67,1619.75
IS481_10095,4100.58,2721.0
IS481_10100,6041.58,6312.5
IS481_10105,4506.75,5574.17
IS481_10110,1584.0,473.83
IS481_10115,4089.17,2178.17
IS481_10120,3683.0,2913.17
IS481_10125,7880.83,4977.83
IS481_10130,1868.0,958.33
IS481_10135,2820.83,1103.5
IS481_10140,2730.83,1507.83
IS481_10145,12767.17,5340.67
IS481_10150,3408.0,1504.0
IS481_10155,2838.0,1615.25
IS481_10160,8752.2,5543.17
IS481_10165,3781.83,4527.17
IS481_10170,1816.0,1768.0
IS481_10175,1236.33,1889.17
IS481_10180,1883.17,2515.0
IS481_10185,8210.5,8276.17
IS481_10190,1299.33,966.17
IS481_10195,942.33,911.0
IS481_10200,18497.67,27312.67
IS481_10205,365.42,408.67
IS481_10210,223.25,242.5
IS481_10215,177.17,258.75
IS481_10220,521.83,658.83
IS481_10225,202.83,277.83
IS481_10230,143.33,191.17
IS481_10235,261.83,350.17
IS481_10240,232.5,243.5
IS481_10245,420.0,507.33
IS481_10250,695.92,1073.83
IS481_10255,202.5,487.5
IS481_10260,222.17,508.0
IS481_10265,548.33,936.2
IS481_10270,165.0,291.0
IS481_10275,356.42,688.17
IS481_10280,1620.92,3014.5
IS481_10285,1408.67,2500.0
IS481_10290,610.25,1031.5
IS481_10295,699.83,1618.67
IS481_10300,220.5,487.5
IS481_10305,532.75,1010.67
IS481_10310,357.0,928.83
IS481_10315,341.33,959.33
IS481_10320,330.33,1373.67
IS481_10325,1034.5,6443.5
IS481_10330,1214.33,3931.33
IS481_10335,1657.08,533.92
IS481_10340,898.83,597.83
IS481_10345,942.83,458.58
IS481_10350,1581.83,1287.5
IS481_10355,764.33,126.83
IS481_10360,311.5,84.0
IS481_10365,185.83,90.83
IS481_10370,127.83,66.0
IS481_10375,246.0,112.5
IS481_10380,222.5,128.67
IS481_10385,220.83,95.5
IS481_10390,68.0,43.33
IS481_10395,345.0,220.5
IS481_10400,1356.33,894.33
IS481_10405,17544.83,13366.42
IS481_10410,3025.0,1988.0
IS481_10415,12869.67,11889.5
IS481_10420,4575.33,2678.75
IS481_10425,11671.75,8814.0
IS481_10430,3477.67,2417.0
IS481_10435,8281.83,5901.17
IS481_10440,4896.0,2569.33
IS481_10445,1522.0,705.0
IS481_10450,35482.58,124615.5
IS481_10455,1742.08,4711.5
IS481_10460,15506.17,31897.0
IS481_10465,1169.0,641.5
IS481_10470,5326.67,1787.5
IS481_10475,16.83,11.83
IS481_10480,206.75,108.0
IS481_10485,51.33,19.0
IS481_10490,273.5,134.17
IS481_10495,71.0,44.33
IS481_10500,331.5,184.33
IS481_10505,75.75,32.83
IS481_10510,154.0,97.67
IS481_10515,77.0,35.5
IS481_10520,160.33,109.83
IS481_10525,118.33,93.0
IS481_10530,1560.0,878.33
IS481_10535,225.5,128.67
IS481_10540,126.0,81.5
IS481_10545,321.83,184.67
IS481_10550,533.5,352.33
IS481_10555,145.0,147.0
IS481_10560,61.0,59.0
IS481_10565,61222.92,63462.67
IS481_10570,9744.33,8975.67
IS481_10575,22360.0,24840.17
IS481_10580,9107.33,9802.17
IS481_10585,15059.92,21774.0
IS481_10590,14720.58,18765.67
IS481_10595,35824.67,41673.17
IS481_10600,40531.82,68174.73
IS481_10605,9049.49,16266.4
IS481_10610,31385.32,53493.81
IS481_10615,79330.5,102146.5
IS481_10620,3803.83,1385.0
IS481_10625,34995.83,11105.83
IS481_10630,4487.5,6788.67
IS481_10635,1140.83,1134.17
IS481_10640,2921.67,2138.0
IS481_10645,28950.83,44775.67
IS481_10650,5914.17,4417.33
IS481_10655,2778.83,2178.17
IS481_10660,1940.33,1656.33
IS481_10665,1920.5,1771.83
IS481_10670,1547.67,1185.83
IS481_10675,499.33,758.75
IS481_10680,2370.17,3831.75
IS481_10685,12566.33,8202.0
IS481_10690,709.17,379.33
IS481_10695,656.83,294.83
IS481_10700,1268.17,565.83
IS481_10705,1998.42,837.33
IS481_10710,1942.75,985.42
IS481_10715,1491.83,752.0
IS481_10720,3077.67,1558.17
IS481_10730,2555.83,1092.42
IS481_10735,1589.33,589.0
IS481_10740,2885.33,1038.17
IS481_10745,7397.42,2858.75
IS481_10750,6039.17,1682.0
IS481_10755,2718.0,8568.83
IS481_10760,5115.67,5937.58
IS481_10765,17095.83,15257.08
IS481_10770,6970.33,4086.0
IS481_10775,1455.17,1335.83
IS481_10780,3617.33,4143.17
IS481_10785,905.83,761.25
IS481_10790,1760.83,1679.5
IS481_10795,4630.83,5485.83
IS481_10800,1861.5,1850.17
IS481_10805,20236.67,27253.75
IS481_10810,7687.5,7175.33
IS481_10815,2570.0,8402.17
IS481_10820,177.5,528.5
IS481_10825,4789.42,3515.17
IS481_10830,10431.0,9355.33
IS481_10835,10071.92,5877.5
IS481_10840,15057.33,7663.08
IS481_10845,1044.33,681.33
IS481_10850,8018.75,3732.83
IS481_10855,912.17,300.33
IS481_10860,2971.75,2491.33
IS481_10865,796.83,900.83
IS481_10870,1462.0,1941.0
IS481_10875,428.33,523.33
IS481_10880,1213.83,2980.0
IS481_10885,3013.42,6980.5
IS481_10890,1316.0,2791.67
IS481_10895,3941.0,4923.17
IS481_10900,884.17,1416.5
IS481_10905,161.83,730.5
IS481_10910,139.33,700.83
IS481_10915,3067.83,3759.83
IS481_10920,120.17,263.33
IS481_10925,3230.5,2277.67
IS481_10930,2167.17,1782.25
IS481_10935,1768.0,2824.17
IS481_10940,671.5,1104.0
IS481_10945,316.33,632.0
IS481_10950,4682.0,8052.5
IS481_10955,2089.58,688.5
IS481_10960,2189.75,619.83
IS481_10965,12562.75,2790.33
IS481_10970,3908.08,1219.17
IS481_10975,43793.67,49067.33
IS481_10980,18927.5,29371.0
IS481_10985,9145.17,7804.5
IS481_10990,15309.17,13985.33
IS481_10995,1734.0,1490.67
IS481_11000,7831.67,3101.25
IS481_11005,4345.33,1438.0
IS481_11010,438.5,607.5
IS481_11015,1427.0,1503.5
IS481_11020,3737.0,1607.5
IS481_11025,7400.0,5694.92
IS481_11030,3808.67,2688.33
IS481_11035,4812.92,4143.28
IS481_11040,15757.67,11309.0
IS481_11045,18161.58,12150.5
IS481_11050,12376.83,6571.0
IS481_11055,10410.67,12786.2
IS481_11060,46936.0,28252.92
IS481_11065,7867.67,8457.0
IS481_11070,25306.0,33367.83
IS481_11075,1039.0,1055.0
IS481_11080,2052.25,1535.0
IS481_11085,19971.33,13742.83
IS481_11090,8291.0,6794.5
IS481_11095,2142.83,1393.17
IS481_11100,9781.5,7479.0
IS481_11105,42.5,81.0
IS481_11110,106.0,261.53
IS481_11115,5.92,6.0
IS481_11120,77.75,42.58
IS481_11125,189.17,258.58
IS481_11130,1108.0,2151.58
IS481_11135,2690.0,7413.17
IS481_11140,2070.67,1896.67
IS481_11145,2487.0,1889.33
IS481_11150,1875.75,1863.0
IS481_11155,1815.0,3012.5
IS481_11160,956.0,1107.67
IS481_11165,3174.0,2754.0
IS481_11170,11604.92,10412.83
IS481_11175,9394.67,17262.17
IS481_11180,346.5,1641.83
IS481_11185,2430.83,6506.83
IS481_11190,1660.0,4071.33
IS481_11195,1470.83,3787.5
IS481_11200,6587.0,10550.75
IS481_11205,1521.33,1053.25
IS481_11210,4820.0,4881.0
IS481_11215,14520.83,10142.67
IS481_11220,1066.33,1894.17
IS481_11225,667.17,1406.83
IS481_11230,1137.0,1614.83
IS481_11235,6010.75,2946.83
IS481_11240,1008.33,384.83
IS481_11245,5898.5,3234.33
IS481_11250,4787.17,3313.58
IS481_11255,4432.67,2834.83
IS481_11260,3484.67,2652.58
IS481_11265,14873.83,13453.0
IS481_11270,7774.5,10302.5
IS481_11275,11132.0,15570.25
IS481_11280,1256.67,2261.53
IS481_11285,3435.67,5971.37
IS481_11290,3292.33,5814.0
IS481_11295,4947.25,6307.67
IS481_11300,17883.08,24757.92
IS481_11305,12035.5,19145.0
IS481_11310,5398.92,8741.58
IS481_11315,7118.92,13417.42
IS481_11320,2777.08,5868.67
IS481_11325,2714.0,3725.67
IS481_11330,4153.42,3470.33
IS481_11335,28559.17,22026.83
IS481_11340,4633.67,3760.17
IS481_11345,7662.67,4913.33
IS481_11350,9531.0,5140.33
IS481_11355,37209.5,18498.5
IS481_11360,29839.0,21963.33
IS481_11365,2640.5,1778.67
IS481_11370,4608.83,3560.83
IS481_11375,3414.33,3796.83
IS481_11380,899.83,843.83
IS481_11385,418.5,390.67
IS481_11390,276.83,216.83
IS481_11395,469.83,367.83
IS481_11400,3052.17,1652.5
IS481_11405,1834.83,1438.5
IS481_11410,7201.0,9445.5
IS481_11415,1640.33,1413.5
IS481_11420,1191.5,1366.83
IS481_11425,3604.83,1534.58
IS481_11430,4693.33,1508.83
IS481_11435,47020.0,27164.33
IS481_11440,1664.83,2398.5
IS481_11445,11031.67,14633.67
IS481_11450,18199.37,7658.83
IS481_11455,1805.0,1808.0
IS481_11460,1230.33,1100.33
IS481_11465,2343.5,2154.83
IS481_11470,3960.33,2573.83
IS481_11475,249.33,285.5
IS481_11480,901.17,717.0
IS481_11485,1622.5,800.33
IS481_11490,2284.67,1123.33
IS481_11495,1263.5,528.17
IS481_11500,1019.33,730.33
IS481_11505,6759.17,6953.0
IS481_11510,1433.83,1334.17
IS481_11515,6563.5,5567.75
IS481_11520,3592.0,1639.67
IS481_11525,852.58,487.83
IS481_11530,2062.5,939.17
IS481_11535,11478.0,11354.5
IS481_11540,7038.83,4351.83
IS481_11545,2590.5,1053.83
IS481_11550,22894.08,39379.0
IS481_11555,1646.5,2772.33
IS481_11560,2153.0,2387.83
IS481_11565,4083.0,3263.0
IS481_11570,2073.17,832.25
IS481_11575,679.83,658.5
IS481_11580,5328.0,5298.17
IS481_11585,9254.83,22883.0
IS481_11590,12335.2,29654.17
IS481_11595,10102.67,21580.67
IS481_11600,5295.75,4594.0
IS481_11605,24465.92,27998.0
IS481_11610,5790.83,14826.33
IS481_11615,373.67,189.83
IS481_11620,695.83,382.83
IS481_11625,1090.33,694.33
IS481_11630,1266.5,808.58
IS481_11635,522.75,192.67
IS481_11640,2142.75,939.0
IS481_11645,709.0,555.5
IS481_11650,799.33,695.67
IS481_11655,1842.33,1611.5
IS481_11660,1008.0,583.83
IS481_11665,3700.33,2353.17
IS481_11670,6731.67,4234.67
IS481_11675,1880.5,2481.0
IS481_11680,426.5,372.0
IS481_11685,2141.5,1843.83
IS481_11690,4495.83,2781.5
IS481_11695,3618.0,4710.17
IS481_11700,1918.0,1624.67
IS481_11705,455.0,338.5
IS481_11715,114.0,94.33
IS481_11720,451.58,204.67
IS481_11725,1684.92,643.17
IS481_11730,2854.42,1237.75
IS481_11735,7299.17,6758.0
IS481_11740,2763.0,2389.5
IS481_11745,6594.42,6531.0
IS481_11750,2595.67,2338.67
IS481_11755,3022.33,2438.5
IS481_11760,5779.67,4261.67
IS481_11765,14097.7,10688.33
IS481_11770,8415.67,5945.17
IS481_11775,12594.83,9593.67
IS481_11780,6290.58,4124.17
IS481_11785,8357.67,8041.5
IS481_11790,24080.83,45099.75
IS481_11795,8330.83,11207.0
IS481_11800,7075.67,8016.0
IS481_11805,3390.17,5172.0
IS481_11810,1262.83,2261.33
IS481_11815,7593.33,13492.33
IS481_11820,13695.5,20781.25
IS481_11825,1899.17,2036.0
IS481_11830,2036.33,2995.33
IS481_11835,6379.33,10249.58
IS481_11840,1173.33,1829.42
IS481_11845,2489.33,2705.42
IS481_11850,1068.0,1351.5
IS481_11855,10213.17,16098.5
IS481_11860,1404.83,1841.5
IS481_11865,1731.33,3121.5
IS481_11870,2558.5,5181.75
IS481_11875,4027.5,5426.67
IS481_11880,6474.33,5479.33
IS481_11885,13751.0,18022.0
IS481_11890,5702.67,4732.58
IS481_11895,201.5,234.17
IS481_11900,1438.33,1018.0
IS481_11905,13770.5,30392.0
IS481_11910,2225.83,4871.0
IS481_11915,3571.0,6815.67
IS481_11920,2648.67,806.83
IS481_11925,2213.17,599.5
IS481_11930,2075.17,2116.0
IS481_11935,328.5,160.83
IS481_11940,265104.17,178845.17
IS481_11945,190230.42,121904.17
IS481_11950,8871.67,4486.83
IS481_11955,4428.5,1847.5
IS481_11960,9350.67,5391.5
IS481_11965,6192.42,3379.33
IS481_11970,4296.25,1929.25
IS481_11975,1781.91,1159.25
IS481_11980,4600.91,2243.83
IS481_11985,2356.17,2106.67
IS481_11990,15303.0,11373.08
IS481_11995,2742.67,1713.08
IS481_12000,1392.08,1182.08
IS481_12005,18297.08,14068.42
IS481_12010,7473.5,4488.17
IS481_12015,13943.58,7317.83
IS481_12020,8579.58,5300.08
IS481_12025,6929.83,3947.08
IS481_12030,11153.0,2990.33
IS481_12035,58988.42,11596.5
IS481_12040,51414.25,9952.0
IS481_12045,72697.67,12683.0
IS481_12050,3756.33,3633.17
IS481_12055,12589.58,10738.83
IS481_12060,2002.0,2862.0
IS481_12065,14388.17,16191.25
IS481_12070,3014.33,3983.08
IS481_12075,1821.17,1658.83
IS481_12080,19048.67,27581.42
IS481_12085,13918.67,14986.75
IS481_12090,10193.42,3738.5
IS481_12095,6446.08,1722.0
IS481_12100,4496.25,1306.5
IS481_12105,6935.25,2061.33
IS481_12110,6234.0,2010.58
IS481_12115,5120.92,1186.67
IS481_12120,27428.75,13137.33
IS481_12125,239640.27,90309.47
IS481_12130,28127.17,21486.33
IS481_12135,12384.67,15558.66
IS481_12140,23101.5,19897.0
IS481_12145,85356.66,42218.5
IS481_12150,120338.36,87769.39
IS481_12155,235935.36,138606.15
IS481_12160,105718.58,121142.0
IS481_12165,53814.58,67317.5
IS481_12175,494.83,13231.33
IS481_12180,3461.5,1514.67
IS481_12185,6539.33,3816.5
IS481_12190,9346.83,16745.75
IS481_12195,9352.5,16306.83
IS481_12200,14696.5,17315.75
IS481_12205,11329.17,7399.83
IS481_12210,1803.0,1067.67
IS481_12215,2360.83,1826.17
IS481_12220,7369.33,6987.25
IS481_12225,2234.83,1904.17
IS481_12230,3901.67,4471.83
IS481_12235,4009.83,5344.67
IS481_12240,2620.0,4232.25
IS481_12245,7969.33,8421.67
IS481_12250,369.17,204.75
IS481_12255,1444.0,729.33
IS481_12260,559.0,622.17
IS481_12265,2221.5,210.33
IS481_12270,881.83,149.83
IS481_12275,5537.0,7557.58
IS481_12280,8045.0,8085.42
IS481_12285,1270.83,3863.83
IS481_12290,129.5,115.0
IS481_12295,478.33,400.83
IS481_12300,1685.5,1072.67
IS481_12305,3053.83,3150.33
IS481_12310,850.0,678.0
IS481_12315,355.5,310.5
IS481_12320,877.33,526.83
IS481_12325,3032.83,2102.33
IS481_12330,1286.83,717.0
IS481_12335,4604.42,5366.5
IS481_12340,12168.5,9072.5
IS481_12345,932.67,913.33
IS481_12350,2782.33,2251.67
IS481_12355,2121.0,1327.33
IS481_12360,7418.5,5435.67
IS481_12365,4185.25,8051.92
IS481_12370,826.67,4488.83
IS481_12375,3115.83,7071.33
IS481_12380,883.5,3800.5
IS481_12385,5427.67,2560.5
IS481_12390,1358.0,826.5
IS481_12395,3369.67,3435.67
IS481_12400,1811.0,1801.83
IS481_12405,1061.0,804.83
IS481_12410,1218.33,1217.33
IS481_12415,2768.5,2408.83
IS481_12420,1705.0,1546.83
IS481_12425,2000.33,1696.0
IS481_12430,2739.33,3342.0
IS481_12435,462.33,391.67
IS481_12440,1399.0,1110.67
IS481_12445,929.67,823.42
IS481_12450,12089.5,4822.67
IS481_12455,1054.5,975.0
IS481_12460,1413.58,1179.0
IS481_12465,3665.58,1826.33
IS481_12470,108.33,109.17
IS481_12475,116.67,109.5
IS481_12480,370.0,259.5
IS481_12485,75.0,107.83
IS481_12490,753.67,517.17
IS481_12495,256.0,244.83
IS481_12500,304.83,259.0
IS481_12505,1241.67,645.17
IS481_12510,1967.7,2705.5
IS481_12515,990.67,2189.33
IS481_12520,214.67,506.33
IS481_12525,5183.33,5880.83
IS481_12530,3228.5,7053.83
IS481_12535,143.5,144.17
IS481_12540,220.17,417.5
IS481_12545,1387.83,976.67
IS481_12550,2211.0,1871.25
IS481_12555,650.33,959.67
IS481_12560,2922.17,5429.17
IS481_12565,3274.33,3569.33
IS481_12570,2411.33,4996.33
IS481_12575,2010.0,2421.83
IS481_12580,581.0,731.33
IS481_12585,2810.67,10870.5
IS481_12590,685.33,13286.25
IS481_12595,396.0,5787.25
IS481_12600,1423.83,5371.5
IS481_12605,778.83,2614.17
IS481_12610,128.5,460.83
IS481_12615,328.33,1399.67
IS481_12620,2332.5,17596.83
IS481_12625,1696.5,2241.17
IS481_12630,316.0,159.0
IS481_12635,180.0,244.67
IS481_12640,343.83,391.33
IS481_12645,1101.67,1966.33
IS481_12650,2189.0,1832.0
IS481_12655,2662.83,1190.5
IS481_12660,3510.83,1187.33
IS481_12665,792.5,397.0
IS481_12670,610.5,558.17
IS481_12675,625.83,791.33
IS481_12680,2120.0,3393.83
IS481_12685,1662.75,3177.0
IS481_12690,4034.17,7015.5
IS481_12695,749.17,1153.67
IS481_12700,5408.83,1685.33
IS481_12705,1835.67,1417.5
IS481_12710,854.0,1310.33
IS481_12715,1250.0,1716.5
IS481_12720,958.17,730.5
IS481_12725,3563.67,2998.17
IS481_12730,16160.67,14926.67
IS481_12735,11168.58,7432.5
IS481_12740,3994.67,1974.5
IS481_12745,5376.0,10757.5
IS481_12750,16037.5,48853.33
IS481_12755,1494.17,5998.33
IS481_12760,3107.5,9750.08
IS481_12765,2701.83,6480.08
IS481_12770,4376.33,6311.33
IS481_12775,1710.75,2960.33
IS481_12780,2835.83,2067.33
IS481_12785,6241.5,4753.0
IS481_12790,2743.83,1839.83
IS481_12795,2095.17,1319.83
IS481_12800,4913.67,3112.83
IS481_12805,3423.17,3106.0
IS481_12810,785.42,887.67
IS481_12815,3747.5,2976.17
IS481_12820,4778.17,3834.83
IS481_12825,3460.33,2591.5
IS481_12830,4062.0,2722.67
IS481_12835,2502.33,1669.83
IS481_12840,3936.17,3131.92
IS481_12845,9172.83,5351.83
IS481_12850,6658.42,5608.75
IS481_12855,2261.33,1543.67
IS481_12860,285.5,626.5
IS481_12865,514.67,408.5
IS481_12870,3759.0,3468.33
IS481_12875,1857.0,1503.0
IS481_12880,937.33,1011.33
IS481_12885,779.33,1294.83
IS481_12890,592.0,417.33
IS481_12895,620.33,794.5
IS481_12900,4186.0,1009.33
IS481_12905,3604.33,982.33
IS481_12910,18391.17,12548.83
IS481_12915,9091.33,4788.5
IS481_12920,18945.33,7629.0
IS481_12925,3841.33,3817.5
IS481_12930,4631.0,2568.5
IS481_12935,3076.83,3838.75
IS481_12940,10549.33,7412.0
IS481_12945,12518.0,11321.17
IS481_12950,6716.0,6807.0
IS481_12955,2071.75,1528.5
IS481_12960,4993.25,17828.17
IS481_12965,871.83,955.83
IS481_12970,670.83,586.67
IS481_12975,1075.17,1104.83
IS481_12980,13732.0,41209.17
IS481_12985,2830.42,1810.5
IS481_12990,6602.5,4979.0
IS481_12995,2830.17,1901.67
IS481_13000,3585.0,2361.33
IS481_13005,2003.67,1458.7
IS481_13010,2696.33,1744.0
IS481_13015,4138.5,3606.17
IS481_13020,3243.33,3729.83
IS481_13025,1883.67,1317.33
IS481_13030,445.33,806.5
IS481_13035,3419.17,17522.75
IS481_13040,9065.25,4442.08
IS481_13045,3405.33,1326.83
IS481_13050,759.83,492.0
IS481_13055,287.2,271.83
IS481_13060,272.17,260.0
IS481_13065,1567.17,2807.0
IS481_13070,4024.17,6794.17
IS481_13075,1102.5,14702.08
IS481_13080,1021.5,16766.67
IS481_13090,4144.5,2476.33
IS481_13095,4213.33,5586.5
IS481_13100,4605.83,3509.67
IS481_13105,1685.0,2304.33
IS481_13110,4492.5,4774.33
IS481_13115,1067.67,1371.17
IS481_13120,3220.33,4470.08
IS481_13125,8846.33,13907.17
IS481_13130,607.5,574.25
IS481_13135,1644.17,6593.17
IS481_13140,744.17,4683.58
IS481_13145,3202.33,4717.92
IS481_13150,3300.08,2829.67
IS481_13155,2946.92,2478.92
IS481_13160,1377.83,1236.67
IS481_13165,500.5,1115.33
IS481_13170,825.58,633.0
IS481_13175,6992.67,7073.33
IS481_13180,3373.0,2916.33
IS481_13185,1085.17,1604.5
IS481_13190,1240.5,1196.5
IS481_13195,60.83,48.5
IS481_13200,73.83,50.0
IS481_13205,21335.67,21582.08
IS481_13210,2432.33,1633.17
IS481_13215,1890.5,1277.83
IS481_13220,4503.08,2855.17
IS481_13225,2762.08,2117.83
IS481_13230,1076.33,750.17
IS481_13235,1480.08,1273.0
IS481_13240,3318.42,2176.33
IS481_13245,830.33,402.33
IS481_13250,4377.5,3383.17
IS481_13255,2931.5,2518.33
IS481_13265,1285.83,1104.83
IS481_13270,420.58,463.67
IS481_13275,910.58,1735.5
IS481_13280,35343.17,58772.67
IS481_13285,4619.83,5682.33
IS481_13290,11008.83,14851.42
IS481_13295,3225.58,4003.33
IS481_13300,4300.5,6313.0
IS481_13305,2049.83,1903.17
IS481_13310,2412.5,2522.5
IS481_13315,1748.0,1046.83
IS481_13320,1899.33,1916.83
IS481_13325,1343.03,1283.83
IS481_13330,953.83,978.83
IS481_13335,842.17,1056.58
IS481_13340,1743.67,1292.83
IS481_13345,651.33,785.17
IS481_13350,2146.67,1512.0
IS481_13355,1429.33,745.0
IS481_13360,3956.92,4136.5
IS481_13365,2127.5,1447.92
IS481_13370,815.33,1363.75
IS481_13375,866.33,1336.5
IS481_13380,8101.75,23319.5
IS481_13385,959.0,2506.33
IS481_13390,13442.58,11026.33
IS481_13395,2598.17,2084.33
IS481_13400,2145.33,1702.5
IS481_13405,759.5,827.83
IS481_13410,4947.33,6552.17
IS481_13415,2920.33,2397.58
IS481_13420,8445.67,5770.92
IS481_13425,11685.5,11387.58
IS481_13430,1020.5,647.0
IS481_13435,4561.33,3831.5
IS481_13440,5086.67,4761.75
IS481_13445,7548.5,5283.08
IS481_13450,4285.33,3765.5
IS481_13455,7539.33,4066.33
IS481_13460,13276.58,8076.0
IS481_13465,7291.33,3175.83
IS481_13470,3344.17,753.17
IS481_13475,5547.83,1000.67
IS481_13480,2438.08,410.67
IS481_13485,7428.08,875.5
IS481_13490,1622.5,428.5
IS481_13495,2614.17,740.5
IS481_13500,3768.0,861.67
IS481_13505,6982.5,1731.67
IS481_13510,2162.83,479.83
IS481_13515,1321.08,230.33
IS481_13520,2554.0,329.0
IS481_13525,6394.0,760.75
IS481_13530,929.5,427.5
IS481_13535,508.0,261.0
IS481_13540,3835.5,3563.0
IS481_13545,4001.0,1150.0
IS481_13550,3122.0,610.0
IS481_13555,3303.5,548.33
IS481_13560,6125.92,994.42
IS481_13565,11757.83,1211.08
IS481_13570,1570.17,296.17
IS481_13575,1105.58,660.33
IS481_13580,1259.0,635.08
IS481_13585,1242.17,532.92
IS481_13590,2041.33,729.92
IS481_13595,1302.83,448.75
IS481_13600,992.0,355.0
IS481_13605,2290.5,660.33
IS481_13610,8576.17,1675.33
IS481_13615,24178.17,2548.83
IS481_13620,23106.17,11638.67
IS481_13625,4609.0,998.17
IS481_13630,2282.25,459.83
IS481_13635,3085.17,496.5
IS481_13640,4357.83,788.0
IS481_13645,3012.58,423.0
IS481_13650,4018.92,583.33
IS481_13655,575.17,130.67
IS481_13660,1575.0,327.0
IS481_13665,1402.17,475.83
IS481_13670,2491.92,1028.67
IS481_13675,1860.83,894.5
IS481_13680,525.5,77.33
IS481_13685,904.83,239.58
IS481_13690,341.67,120.33
IS481_13695,763.67,209.67
IS481_13700,4463.0,5118.58
IS481_13705,4628.0,5567.25
IS481_13710,305.5,196.83
IS481_13715,503.83,459.0
IS481_13720,3397.67,2489.83
IS481_13725,459.5,178.5
IS481_13730,1125.5,537.0
IS481_13735,877.83,367.0
IS481_13740,904.17,371.0
IS481_13745,616.0,272.0
IS481_13750,1844.58,1104.17
IS481_13755,978.0,652.0
IS481_13760,1803.5,1073.0
IS481_13765,670.33,339.83
IS481_13770,386.0,150.5
IS481_13775,693.67,410.5
IS481_13780,4371.33,1604.0
IS481_13785,6846.67,5023.33
IS481_13790,4866.17,4825.0
IS481_13795,7207.75,9454.0
IS481_13800,7259.0,12270.5
IS481_13805,6149.5,7391.17
IS481_13810,2615.83,2304.83
IS481_13815,7592.92,4635.92
IS481_13820,17232.92,11366.33
IS481_13825,16762.08,25101.5
IS481_13830,2272.5,2640.33
IS481_13835,810.83,489.83
IS481_13840,4927.5,1612.17
IS481_13845,5005.5,1081.83
IS481_13850,995.5,675.0
IS481_13855,6249.75,3415.17
IS481_13860,581.33,355.0
IS481_13865,9055.83,4155.17
IS481_13870,9090.33,4877.83
IS481_13875,2048.33,1141.17
IS481_13880,4505.67,2855.75
IS481_13885,5804.83,7945.58
IS481_13890,4983.17,3546.83
IS481_13895,11668.25,9329.17
IS481_13900,1947.83,1419.5
IS481_13905,3584.33,2610.5
IS481_13910,12645.5,10179.5
IS481_13915,4691.5,5221.5
IS481_13920,3644.0,4019.33
IS481_13925,10422.17,9735.83
IS481_13930,8073.5,10695.0
IS481_13935,6027.67,8178.83
IS481_13940,26110.17,18099.83
IS481_13945,8854.33,7438.17
IS481_13950,79776.25,33840.33
IS481_13955,3836.0,3880.5
IS481_13960,733.17,360.0
IS481_13965,1266.0,1052.67
IS481_13970,4919.67,4910.33
IS481_13975,3163.0,2230.67
IS481_13980,3386.0,1765.5
IS481_13985,1860.17,1086.33
IS481_13990,390.0,528.0
IS481_13995,1918.5,3893.17
IS481_14000,3648.5,2991.33
IS481_14005,658.83,681.0
IS481_14010,853.5,965.83
IS481_14020,4996.75,12731.17
IS481_14025,4304.17,2922.67
IS481_14030,17821.83,9698.0
IS481_14035,4234.33,3685.58
IS481_14040,4399.17,4617.5
IS481_14045,2057.5,2279.0
IS481_14050,1709.67,1553.0
IS481_14055,1399.83,1741.0
IS481_14060,580.5,738.53
IS481_14065,1957.33,2236.0
IS481_14070,1063.83,604.75
IS481_14075,1447.67,653.08
IS481_14080,4214.33,2677.33
IS481_14085,1242.33,1082.83
IS481_14090,824.17,573.83
IS481_14095,6187.0,6266.28
IS481_14100,7981.67,9672.33
IS481_14105,5050.92,5270.67
IS481_14110,3148.67,2479.17
IS481_14115,2411.17,2258.08
IS481_14120,4584.17,3882.58
IS481_14125,3732.83,2898.08
IS481_14130,3447.0,2579.67
IS481_14135,9283.92,7468.83
IS481_14140,4572.67,3468.83
IS481_14145,5373.0,4029.67
IS481_14150,6515.08,4910.58
IS481_14155,7208.83,6764.58
IS481_14160,1415.42,1227.83
IS481_14165,5706.67,5294.0
IS481_14170,4385.33,4090.83
IS481_14175,1124.0,2019.67
IS481_14180,437.5,1427.0
IS481_14185,168.5,700.83
IS481_14190,3405.83,2152.5
IS481_14195,485114.5,734325.25
IS481_14200,655.83,347.67
IS481_14205,1628.08,1392.83
IS481_14210,1944.83,1510.5
IS481_14215,719.5,692.0
IS481_14220,1703.42,5015.33
IS481_14225,1237.67,3510.17
IS481_14230,2482.67,8069.67
IS481_14235,330.5,259.33
IS481_14240,545.5,303.58
IS481_14245,1805.5,1349.33
IS481_14250,229.5,241.67
IS481_14255,418.83,231.5
IS481_14260,1067.33,678.17
IS481_14265,600.83,323.0
IS481_14275,11723.0,43515.67
IS481_14280,18094.67,33338.83
IS481_14285,1440.67,582.67
IS481_14290,2447.0,1594.83
IS481_14295,3561.33,2407.33
IS481_14300,2555.83,1239.17
IS481_14305,1989.92,960.33
IS481_14310,2254.28,912.33
IS481_14315,1065.0,699.33
IS481_14320,12259.58,6004.33
IS481_14325,4148.0,2029.33
IS481_14330,10197.33,4972.5
IS481_14335,22990.33,15145.42
IS481_14340,17198.5,8976.33
IS481_14345,5352.0,3811.83
IS481_14350,1621.5,1387.0
IS481_14355,1593.83,1146.5
IS481_14360,3994.5,1958.5
IS481_14365,9055.17,3779.33
IS481_14370,13060.67,8284.5
IS481_14375,5390.5,3155.83
IS481_14380,2646.0,1407.58
IS481_14385,2863.0,2402.0
IS481_14390,2517.17,1338.0
IS481_14395,5643.75,5015.0
IS481_14400,2806.42,3072.25
IS481_14405,1189.5,1121.67
IS481_14410,1317.67,1105.25
IS481_14415,7370.5,5508.75
IS481_14420,2611.83,1228.08
IS481_14430,33325.12,46528.2
IS481_14435,11407.33,20875.5
IS481_14440,4108.67,7453.83
IS481_14445,6525.0,10957.33
IS481_14450,4820.67,6784.67
IS481_14455,2509.17,2570.5
IS481_14460,3500.5,8307.08
IS481_14465,5037.5,7438.58
IS481_14470,5461.33,4470.17
IS481_14475,7127.0,8284.83
IS481_14480,711.5,691.0
IS481_14485,3889.33,3851.17
IS481_14490,1193.33,1391.83
IS481_14495,1580.92,1420.5
IS481_14500,1267.33,1087.83
IS481_14505,1456.33,1792.67
IS481_14510,1262.17,1909.83
IS481_14515,3899.33,3841.0
IS481_14520,2109.33,2141.0
IS481_14525,5160.67,4874.42
IS481_14530,4737.5,4023.83
IS481_14535,1142.17,1124.33
IS481_14540,2578.0,3038.0
IS481_14545,525.83,358.33
IS481_14550,33836.83,34976.17
IS481_14555,15032.67,21684.78
IS481_14560,37650.08,32548.2
IS481_14565,1814.83,1619.17
IS481_14570,11747.83,12489.42
IS481_14575,8823.0,6254.83
IS481_14580,2853.17,2501.33
IS481_14585,4628.67,3774.33
IS481_14590,6533.42,7562.33
IS481_14595,5407.67,6574.83
IS481_14600,3451.58,3015.67
IS481_14605,1922.67,1216.2
IS481_14610,1063.17,1259.83
IS481_14615,2619.5,2995.5
IS481_14620,883.92,609.75
IS481_14625,2470.5,1971.75
IS481_14630,2455.5,1356.33
IS481_14635,11826.67,6764.67
IS481_14640,25566.5,13999.5
IS481_14645,10110.17,5294.5
IS481_14650,62997.33,31420.17
IS481_14655,2083.42,2801.75
IS481_14660,8178.75,12687.0
IS481_14665,2340.33,2404.83
IS481_14670,9717.83,15696.33
IS481_14675,2012.83,1602.33
IS481_14680,1332.0,1204.17
IS481_14685,1772.0,2073.08
IS481_14690,5697.33,5584.08
IS481_14695,8637.0,5225.67
IS481_14700,4254.92,7060.17
IS481_14705,2010.0,1719.0
IS481_14710,1148.33,1247.83
IS481_14715,114.33,159.0
IS481_14720,6661.67,6006.58
IS481_14725,960.42,1083.83
IS481_14730,217.17,348.5
IS481_14735,473.33,601.75
IS481_14740,6590.67,5849.83
IS481_14745,205.83,153.0
IS481_14750,370.83,499.83
IS481_14755,73.83,100.83
IS481_14760,51.0,65.67
IS481_14765,73.33,105.17
IS481_14770,15.0,30.5
IS481_14775,1221.5,1259.5
IS481_14780,334.5,571.33
IS481_14785,219.5,546.33
IS481_14790,304.5,526.83
IS481_14795,924.08,1051.08
IS481_14800,2825.5,2485.58
IS481_14805,557.5,801.0
IS481_14810,591.33,514.0
IS481_14815,656.17,560.17
IS481_14820,665.75,600.33
IS481_14825,8398.17,10134.67
IS481_14830,590.17,622.17
IS481_14835,30.17,56.0
IS481_14840,10.67,15.5
IS481_14845,209.5,131.25
IS481_14850,863.92,467.75
IS481_14855,7644.17,12378.08
IS481_14860,10872.33,22893.33
IS481_14865,6100.67,13491.17
IS481_14870,2595.83,6779.17
IS481_14875,641.42,915.5
IS481_14880,22929.17,47155.17
IS481_14885,19631.33,34781.08
IS481_14890,713.0,877.0
IS481_14895,4638.0,2809.58
IS481_14900,3144.5,2013.33
IS481_14905,16646.83,3187.75
IS481_14910,4453.0,2650.5
IS481_14915,712.83,365.5
IS481_14920,22935.08,1782.83
IS481_14925,20120.58,2311.17
IS481_14930,4401.83,5265.75
IS481_14935,9928.83,15316.42
IS481_14940,2094.17,1305.5
IS481_14945,1271.5,802.83
IS481_14950,1871.67,3943.5
IS481_14955,2007.92,4813.17
IS481_14960,689.17,2573.75
IS481_14965,60.83,599.33
IS481_14970,664.67,4916.42
IS481_14975,871.25,4063.0
IS481_14980,972.17,2966.83
IS481_14985,1140.17,1141.58
IS481_14990,1619.33,1979.17
IS481_14995,1172.33,1945.5
IS481_15000,905.0,1318.08
IS481_15005,3538.67,1645.33
IS481_15010,849.83,667.0
IS481_15015,182.33,167.67
IS481_15020,2059.67,3259.33
IS481_15025,4404.75,2947.17
IS481_15030,1029.5,1350.67
IS481_15035,175.5,299.0
IS481_15040,1408.83,1417.25
IS481_15045,2039.67,1660.92
IS481_15050,4523.17,4969.67
IS481_15055,4649.0,3779.33
IS481_15060,5350.58,5973.83
IS481_15065,8284.58,10053.0
IS481_15070,3248.75,3528.67
IS481_15075,2893.92,2249.2
IS481_15080,3278.42,2471.83
IS481_15085,7725.17,5499.58
IS481_15090,2742.17,5331.25
IS481_15095,2431.0,4697.17
IS481_15100,2576.0,3986.0
IS481_15105,2852.17,4075.08
IS481_15110,2950.83,5151.92
IS481_15115,5494.75,9216.92
IS481_15120,2174.67,3841.08
IS481_15125,7947.08,10572.0
IS481_15130,6896.17,7546.17
IS481_15135,1975.25,1229.0
IS481_15140,5362.67,2960.17
IS481_15145,1352.58,1455.5
IS481_15150,1019.33,1651.33
IS481_15155,5539.67,4996.25
IS481_15160,330.67,252.33
IS481_15165,911.75,573.33
IS481_15170,624.17,349.83
IS481_15175,473.17,289.83
IS481_15180,624.0,466.33
IS481_15185,1206.83,745.5
IS481_15190,6239.67,8733.33
IS481_15195,2806.5,17279.5
IS481_15200,4403.33,4955.25
IS481_15205,350.33,1982.33
IS481_15210,599.33,3306.5
IS481_15215,4591.92,27272.0
IS481_15220,7350.42,6129.92
IS481_15225,8477.0,19414.5
IS481_15230,1237.5,1553.0
IS481_15235,2979.0,4123.17
IS481_15240,851.5,680.17
IS481_15245,1721.0,7633.67
IS481_15250,928.17,6321.0
IS481_15255,1461.42,10182.83
IS481_15260,2938.75,5738.0
IS481_15265,1160.5,1465.5
IS481_15270,354.0,966.5
IS481_15275,167.0,117.5
IS481_15280,712.0,4929.83
IS481_15285,2061.17,3640.0
IS481_15290,1158.33,6229.83
IS481_15295,687.17,4554.17
IS481_15300,520.33,617.83
IS481_15305,1485.0,1026.17
IS481_15310,3648.0,3132.67
IS481_15315,1848.67,1291.08
IS481_15320,4938.83,2400.0
IS481_15325,1369.83,736.5
IS481_15330,1641.58,1003.83
IS481_15335,86.33,146.17
IS481_15340,121.17,196.33
IS481_15345,8.75,3.33
IS481_15350,34.25,21.08
IS481_15355,64.83,75.33
IS481_15360,5797.33,22602.58
IS481_15365,7039.0,14296.5
IS481_15370,940.83,4955.5
IS481_15375,1423.5,8089.5
IS481_15380,1820.67,2370.33
IS481_15385,2627.5,1205.67
IS481_15390,2572.92,2712.67
IS481_15395,2224.75,2404.5
IS481_15400,7476.33,6108.0
IS481_15405,2470.33,1740.83
IS481_15410,553.33,814.5
IS481_15415,462.5,542.33
IS481_15420,1927.33,1073.83
IS481_15425,2233.17,1314.5
IS481_15430,1004.0,683.33
IS481_15435,3214.83,4549.5
IS481_15440,2837.0,2251.0
IS481_15445,1305.67,1102.67
IS481_15450,2888.83,2989.17
IS481_15455,282259.5,196581.67
IS481_15460,5019.5,19810.83
IS481_15465,2177.5,3742.5
IS481_15470,7631.0,5820.83
IS481_15475,1905.5,2030.33
IS481_15480,3179.0,3336.08
IS481_15485,4836.67,3645.5
IS481_15490,1711.17,1665.0
IS481_15495,1421.33,1417.17
IS481_15500,596.0,449.83
IS481_15505,1398.17,1008.83
IS481_15510,958.83,779.7
IS481_15515,4160.83,3642.83
IS481_15520,3401.67,3145.5
IS481_15525,3282.92,3593.0
IS481_15530,5633.33,9204.67
IS481_15535,2240.0,3104.83
IS481_15540,3107.17,2404.17
IS481_15545,2536.58,4974.08
IS481_15550,4624.33,4080.5
IS481_15555,3553.0,2273.5
IS481_15560,6330.67,3508.5
IS481_15565,841.83,1007.33
IS481_15570,11784.0,3040.83
IS481_15575,3010.5,1654.83
IS481_15580,4297.67,1701.17
IS481_15585,3976.83,1493.33
IS481_15590,19283.25,3816.67
IS481_15595,7384.5,2092.33
IS481_15600,1866.83,612.0
IS481_15605,6431.83,2345.75
IS481_15610,3503.5,1581.5
IS481_15615,18059.0,20946.17
IS481_15620,1874.17,1326.33
IS481_15625,3846.17,2773.33
IS481_15630,5166.42,5540.67
IS481_15635,10084.67,12440.33
IS481_15640,637.0,623.67
IS481_15645,523.83,637.0
IS481_15650,1685.0,1977.67
IS481_15655,7182.17,10999.5
IS481_15660,11851.92,19801.75
IS481_15665,4788.83,6115.75
IS481_15670,10336.08,9332.33
IS481_15675,32585.33,20774.0
IS481_15680,46780.5,33753.5
IS481_15685,5315.92,28929.17
IS481_15690,3088.33,3702.5
IS481_15695,687.0,620.5
IS481_15700,17993.67,254927.0
IS481_15705,8450.83,8398.67
IS481_15710,16068.0,8216.67
IS481_15715,17560.25,10306.25
IS481_15720,3557.83,5344.5
IS481_15725,6286.33,4780.5
IS481_15730,20601.58,6115.83
IS481_15735,289.5,235.0
IS481_15740,3608.33,4968.83
IS481_15745,600.83,1057.33
IS481_15750,1062.17,1209.5
IS481_15755,1749.67,1617.0
IS481_15760,3663.33,1950.83
IS481_15765,16692.75,19318.33
IS481_15770,16695.0,23783.67
IS481_15775,11941.67,14503.58
IS481_15780,6965.67,7508.92
IS481_15785,4764.33,4876.92
IS481_15790,5261.67,5761.08
IS481_15795,49087.17,35152.5
IS481_15800,18718.16,15191.0
IS481_15805,6619.66,5970.5
IS481_15810,16339.83,13735.0
IS481_15815,11734.83,8091.17
IS481_15820,19037.33,13476.83
IS481_15825,16324.5,13269.42
IS481_15830,14340.67,13836.58
IS481_15835,31397.16,29117.0
IS481_15840,25301.25,23198.92
IS481_15845,40207.75,32926.75
IS481_15850,11464.83,5640.83
IS481_15855,21451.99,19206.08
IS481_15860,13061.24,12516.16
IS481_15865,18533.16,14850.99
IS481_15870,22420.17,16228.67
IS481_15875,10531.5,9923.25
IS481_15880,8856.17,8564.66
IS481_15885,26296.58,22817.41
IS481_15890,12782.92,11352.03
IS481_15895,23339.33,19117.37
IS481_15900,49384.17,36637.08
IS481_15905,11765.5,11642.67
IS481_15910,4377.33,4303.0
IS481_15915,54312.92,39863.92
IS481_15920,26033.42,21509.83
IS481_15925,28255.5,27153.25
IS481_15930,1123.5,1054.33
IS481_15935,837.67,734.5
IS481_15940,72737.25,64439.0
IS481_15945,54033.2,57925.08
IS481_15950,11961.0,12144.25
IS481_15955,13852.58,7751.0
IS481_15960,17794.17,14337.0
IS481_15965,15066.5,13065.0
IS481_15970,20650.33,17151.58
IS481_15975,15446.17,10216.67
IS481_15980,2704.08,2087.58
IS481_15985,2546.08,2200.83
IS481_15990,1300.83,895.0
IS481_15995,9868.33,4605.42
IS481_16000,4305.83,2176.58
IS481_16005,1299.0,632.33
IS481_16010,1843.08,1406.67
IS481_16015,3636.42,3520.33
IS481_16020,759.0,851.67
IS481_16025,515.0,363.67
IS481_16030,331.0,190.83
IS481_16035,508.0,324.33
IS481_16040,488.58,400.83
IS481_16045,737.5,494.0
IS481_16050,664.5,499.0
IS481_16055,578.67,284.83
IS481_16060,308.67,155.83
IS481_16065,188.33,64.83
IS481_16070,199.33,130.5
IS481_16075,597.33,386.33
IS481_16080,76.5,86.5
IS481_16085,62.17,54.33
IS481_16090,384.33,621.17
IS481_16095,331.08,462.33
IS481_16100,812.83,373.5
IS481_16105,974.5,514.17
IS481_16110,405.17,227.0
IS481_16115,4836.0,2255.83
IS481_16120,382.33,754.17
IS481_16125,1508.17,702.17
IS481_16130,4510.83,3851.08
IS481_16135,856.5,273.0
IS481_16140,3001.33,1634.33
IS481_16145,2554.5,2253.2
IS481_16150,1958.5,1378.83
IS481_16155,2428.5,1519.0
IS481_16160,1033.0,988.0
IS481_16165,2218.33,1461.5
IS481_16170,2688.0,3114.5
IS481_16175,315.0,360.0
IS481_16180,332.0,813.25
IS481_16185,2842.0,3473.33
IS481_16190,336.5,406.67
IS481_16195,877.0,916.0
IS481_16200,6155.67,7612.5
IS481_16205,2509.0,731.08
IS481_16210,2771.83,615.67
IS481_16215,4509.0,1372.83
IS481_16220,514.83,317.5
IS481_16225,621.83,412.0
IS481_16230,1355.83,323.5
IS481_16235,612.83,356.08
IS481_16240,1167.83,1507.33
IS481_16245,1984.0,1770.67
IS481_16250,3867.83,1750.17
IS481_16255,703.0,492.17
IS481_16260,585.0,423.83
IS481_16265,1009.33,634.33
IS481_16270,1516.33,643.17
IS481_16275,952.5,674.0
IS481_16280,1796.5,4075.67
IS481_16285,462.5,597.25
IS481_16290,2173.0,572.0
IS481_16295,4511.33,2961.67
IS481_16300,2054.0,2542.5
IS481_16305,7198.0,12356.08
IS481_16310,2288.83,988.5
IS481_16315,545.33,239.67
IS481_16320,2368.83,2920.33
IS481_16325,2614.5,1311.17
IS481_16330,4931.5,4091.83
IS481_16335,3112.5,3034.33
IS481_16340,1296.17,1051.67
IS481_16345,324.5,52.0
IS481_16350,1295.0,253.17
IS481_16355,3780.17,7442.92
IS481_16360,5199.5,10053.75
IS481_16365,2821.0,5722.17
IS481_16370,7204.5,9270.17
IS481_16375,17186.17,21908.08
IS481_16380,13151.33,20703.58
IS481_16385,21029.33,27762.58
IS481_16390,15100.58,16465.58
IS481_16395,21610.62,25761.17
IS481_16400,18017.25,22366.17
IS481_16405,13404.83,10400.67
IS481_16410,22868.67,12462.92
IS481_16415,2414.5,5050.83
IS481_16420,1519.33,1659.33
IS481_16425,1155.0,865.5
IS481_16430,401.0,302.0
IS481_16435,426.0,309.5
IS481_16440,935.33,645.67
IS481_16445,829.58,528.83
IS481_16450,361.17,169.33
IS481_16455,1482.5,611.67
IS481_16460,1450.17,625.0
IS481_16465,577.33,1058.5
IS481_16470,2614.83,2070.5
IS481_16475,5255.67,4845.5
IS481_16480,4034.67,2070.08
IS481_16485,4359.83,4026.08
IS481_16490,3190.17,2603.83
IS481_16495,5982.58,7394.33
IS481_16500,2470.5,1858.83
IS481_16505,1381.83,3769.17
IS481_16510,1234.5,2470.17
IS481_16515,2700.17,8721.0
IS481_16520,749.0,3339.33
IS481_16525,951.5,5052.33
IS481_16530,1226.33,935.17
IS481_16535,953.17,745.5
IS481_16540,4194.17,2337.83
IS481_16545,9704.33,5903.5
IS481_16550,2866.67,2413.5
IS481_16555,1064.5,1121.5
IS481_16560,27337.5,26780.92
IS481_16565,12089.0,42655.75
IS481_16570,4704.17,14511.5
IS481_16575,3524.5,4904.0
IS481_16580,449.5,306.0
IS481_16585,8620.58,11772.33
IS481_16590,4543.0,5374.5
IS481_16595,7273.33,7351.92
IS481_16600,3054.58,2490.0
IS481_16605,22674.5,18807.0
IS481_16610,5023.83,6608.53
IS481_16615,608.5,480.0
IS481_16620,1510.0,4048.08
IS481_16625,3563.83,7071.83
IS481_16630,4972.83,2887.0
IS481_16635,1381.0,2488.0
IS481_16640,5982.0,9372.33
IS481_16645,1772.0,2835.83
IS481_16650,1554.83,3472.33
IS481_16655,178.83,279.83
IS481_16660,18.33,19.33
IS481_16665,64.5,53.0
IS481_16670,6191.33,1751.5
IS481_16675,693.58,294.0
IS481_16680,1207.17,416.5
IS481_16685,1820.5,476.17
IS481_16690,2737.33,800.75
IS481_16695,5237.5,1411.67
IS481_16700,26781.08,10112.58
IS481_16705,2089.0,497.67
IS481_16710,2373.5,2167.5
IS481_16715,607.83,641.33
IS481_16720,265.0,368.33
IS481_16725,304.5,254.33
IS481_16730,1033.33,300.67
IS481_16735,1906.0,452.5
IS481_16740,349.08,1111.5
IS481_16745,1640.33,1135.83
IS481_16750,1124.33,1362.5
IS481_16755,430.0,654.5
IS481_16760,2684.83,2216.83
IS481_16765,4660.83,4648.33
IS481_16770,4006.17,4273.83
IS481_16775,4194.37,12498.08
IS481_16780,4129.17,1925.33
IS481_16785,201.5,494.0
IS481_16790,810.17,988.67
IS481_16795,137.33,531.33
IS481_16800,73.0,389.67
IS481_16805,1129.0,1973.87
IS481_16810,3335.0,2637.83
IS481_16815,2596.17,1669.0
IS481_16820,919.5,1184.53
IS481_16825,2166.67,1559.83
IS481_16830,2155.0,1097.17
IS481_16835,4087.17,1850.33
IS481_16845,945.0,998.83
IS481_16850,1763.5,1134.0
IS481_16855,1938.0,903.0
IS481_16860,2456.0,2038.67
IS481_16865,2376.67,2603.5
IS481_16870,183.33,141.83
IS481_16875,73.83,57.5
IS481_16880,1209.33,654.83
IS481_16885,8628.0,3551.83
IS481_16890,19426.17,4053.95
IS481_16895,4391.83,756.0
IS481_16900,3364.42,10936.5
IS481_16905,3257.67,10980.5
IS481_16910,2679.83,1629.67
IS481_16915,3121.33,2840.33
IS481_16920,1105.83,1169.17
IS481_16925,4602.33,3747.83
IS481_16930,16746.17,6140.17
IS481_16935,4214.17,1499.33
IS481_16940,3661.33,1741.33
IS481_16945,1324.33,964.5
IS481_16950,1003.67,1025.33
IS481_16955,389.33,2575.08
IS481_16960,1234.83,4786.17
IS481_16965,934.5,955.0
IS481_16970,11263.08,16405.58
IS481_16975,3188.33,3751.5
IS481_16980,3239.17,2477.42
IS481_16985,6057.5,12599.5
IS481_16990,1843.0,1180.33
IS481_16995,1280.42,1330.5
IS481_17000,976.0,796.5
IS481_17005,804.33,755.83
IS481_17010,1356.5,1915.33
IS481_17015,14442.83,14874.0
IS481_17020,2195.0,2264.83
IS481_17025,2816.5,3412.5
IS481_17030,2906.0,1197.5
IS481_17035,2215.0,579.33
IS481_17040,387.0,660.33
IS481_17045,212.25,153.33
IS481_17050,208.0,216.5
IS481_17055,467.5,208.5
IS481_17060,411.17,159.17
IS481_17065,477.0,202.53
IS481_17070,443.58,209.0
IS481_17075,242.5,148.5
IS481_17080,234.0,155.17
IS481_17085,346.0,194.5
IS481_17090,221.0,114.0
IS481_17095,507.5,166.0
IS481_17100,718.33,295.0
IS481_17105,1308.33,467.0
IS481_17110,10682.83,3189.83
IS481_17115,376.17,239.33
IS481_17120,337.17,256.67
IS481_17125,280.5,151.83
IS481_17130,36.5,34.0
IS481_17135,898.5,326.83
IS481_17140,555.75,298.5
IS481_17145,1635.33,877.33
IS481_17150,1831.75,2506.67
IS481_17155,2210.5,2565.58
IS481_17160,2107.17,2311.0
IS481_17165,899.0,1179.83
IS481_17170,2540.67,1662.0
IS481_17175,519.5,275.5
IS481_17180,2097.83,1703.75
IS481_17185,2721.83,2824.5
IS481_17190,7353.92,14443.83
IS481_17195,6344.0,16050.0
IS481_17200,5699.83,9029.83
IS481_17205,9466.83,14887.0
IS481_17210,5213.67,3557.17
IS481_17215,2005.83,745.83
IS481_17220,27640.08,8264.92
IS481_17225,7678.33,4080.67
IS481_17230,5784.0,5014.5
IS481_17235,12851.17,21476.33
IS481_17240,1685.17,3802.58
IS481_17245,2231.67,2175.0
IS481_17250,1800.0,911.5
IS481_17255,1722.0,993.33
IS481_17260,409.0,199.92
IS481_17265,521.33,368.67
IS481_17270,3868.17,3693.0
IS481_17275,1678.33,1255.83
IS481_17280,3864.33,2855.5
IS481_17285,4519.08,3009.25
IS481_17290,4359.67,3099.67
IS481_17295,846.33,1021.83
IS481_17300,191.33,183.83
IS481_17305,173.25,164.5
IS481_17310,145.0,85.33
IS481_17315,660.0,742.0
IS481_17320,1634.0,2352.83
IS481_17325,3595.83,810.0
IS481_17330,2481.33,970.17
IS481_17335,2942.83,1363.0
IS481_17340,1078.33,453.33
IS481_17345,1171.33,712.33
IS481_17350,1744.0,1350.83
IS481_17355,745.33,470.33
IS481_17360,1247.17,952.83
IS481_17365,709.83,441.5
IS481_17370,805.83,484.17
IS481_17375,5926.5,3560.67
IS481_17380,402.0,228.0
IS481_17385,2148.33,970.83
IS481_17390,1339.83,846.83
IS481_17395,863.0,1024.0
IS481_17400,3396.0,2671.17
IS481_17405,4898.67,2107.42
IS481_17415,1660.0,3604.0
IS481_17420,23611.17,2627.5
IS481_17425,2615.5,1275.5
IS481_17430,967.83,1502.5
IS481_17435,911.33,6009.17
IS481_17440,4617.5,7135.67
IS481_17445,788.0,752.67
IS481_17450,799.17,462.83
IS481_17455,127.33,81.5
IS481_17460,292.33,176.0
IS481_17465,792.83,542.0
IS481_17470,538.33,475.17
IS481_17475,226.0,177.33
IS481_17480,926.33,719.83
IS481_17485,8093.67,20347.83
IS481_17490,827.0,505.33
IS481_17495,2631.67,2101.17
IS481_17500,6684.08,5186.17
IS481_17505,2490.67,5745.33
IS481_17510,422.67,4164.92
IS481_17515,974.17,6246.92
IS481_17520,385.5,412.0
IS481_17525,634.0,636.0
IS481_17530,2625.5,352.5
IS481_17535,2388.33,692.33
IS481_17540,1330.0,492.17
IS481_17545,1358.17,765.17
IS481_17550,381.0,617.5
IS481_17555,28951.5,47610.83
IS481_17560,2848.67,885.5
IS481_17565,1969.5,1135.17
IS481_17570,1141.5,1017.83
IS481_17575,325.83,304.33
IS481_17580,367.33,294.83
IS481_17585,231.67,247.0
IS481_17590,37.83,50.5
IS481_17595,284.67,281.67
IS481_17600,272.0,272.92
IS481_17605,311.17,292.67
IS481_17610,218.33,223.5
IS481_17615,489.17,855.5
IS481_17620,268.5,426.5
IS481_17625,1017.08,793.42
IS481_17630,3036.83,2672.67
IS481_17635,1782.75,1341.17
IS481_17640,788.83,798.0
IS481_17645,715.67,682.83
IS481_17650,438.0,969.0
IS481_17655,169.0,222.5
IS481_17660,274.83,346.58
IS481_17665,1878.83,1326.0
IS481_17670,1656.33,1436.17
IS481_17675,372.08,263.5
IS481_17680,805.25,425.0
IS481_17685,3320.67,1681.0
IS481_17690,474.67,309.5
IS481_17695,648.58,399.5
IS481_17700,692.92,479.67
IS481_17705,608.5,548.5
IS481_17710,1212.67,1760.5
IS481_17715,594.5,155.67
IS481_17720,1364.5,237.42
IS481_17725,26.0,31.0
IS481_17730,365.25,153.5
IS481_17735,943.83,376.0
IS481_17740,623.67,278.17
IS481_17745,714.33,273.83
IS481_17750,1093.83,448.83
IS481_17755,862.33,304.33
IS481_17760,1351.17,459.67
IS481_17765,1435.67,494.58
IS481_17770,1196.17,535.83
IS481_17775,1599.67,631.5
IS481_17780,2948.83,627.7
IS481_17785,2625.33,982.33
IS481_17790,3630.33,629.5
IS481_17795,3297.67,1875.75
IS481_17800,1496.83,1319.58
IS481_17805,2801.17,1659.67
IS481_17810,146.5,846.0
IS481_17820,2794.0,3742.17
IS481_17825,3148.33,2179.83
IS481_17835,2065.0,3786.17
IS481_17840,961.0,1959.17
IS481_17845,30868.87,40233.17
IS481_17855,3027.25,2367.5
IS481_17860,181.33,147.5
IS481_17865,2618.5,1791.33
IS481_17870,4079.83,3072.67
IS481_17875,6072.92,6655.0
IS481_17880,6031.5,16569.42
IS481_17885,4372.33,7866.83
IS481_17890,685.33,202.5
IS481_17895,5592.83,5039.5
IS481_17900,803.5,582.33
IS481_17905,1832.0,2474.67
IS481_17910,889.83,1075.33
IS481_17915,784.17,874.67
IS481_17920,7189.0,11705.33
IS481_17925,6426.5,12252.17
IS481_17930,7124.0,12107.33
IS481_17940,1899.5,3101.67
IS481_17945,286.5,240.5
IS481_17950,2638.5,1332.0
IS481_17955,1074.83,580.0
IS481_17960,682.0,489.5
IS481_17965,1116.83,1026.0
IS481_17970,357.67,317.0
IS481_17975,15213.67,2858.33
IS481_17980,2800.0,2174.83
IS481_17985,513.5,519.0
IS481_17990,289.5,291.0
IS481_18000,2936.0,6053.0
IS481_18005,727.83,3215.0
IS481_18010,11972.83,10882.67
IS481_18015,5215.67,15777.33
IS481_18020,530.0,583.5
IS481_18025,64.5,68.5
IS481_18030,3489.33,3293.0
IS481_18035,6722.0,6176.5
IS481_18040,3216.5,2910.33
IS481_18045,3449.83,3392.67
IS481_18050,2157.33,1655.5
IS481_18055,2070.83,1426.08
IS481_18060,4065.0,7321.0
IS481_18065,673.5,887.33
IS481_18070,323.75,337.83
IS481_18075,1165.5,1392.5
IS481_18080,538.17,616.33
IS481_18085,535.0,569.33
IS481_18090,1393.0,1939.0
IS481_18095,7665.0,18845.33
IS481_18100,3045.08,9696.17
IS481_18105,2922.0,8948.17
IS481_18110,664.5,374.33
IS481_18115,1641.83,1194.0
IS481_18120,5180.33,5394.17
IS481_18125,2973.0,2484.83
IS481_18130,1781.5,4602.17
IS481_18135,3798.67,4623.5
IS481_18140,12199.33,9657.33
IS481_18145,21847.33,26524.5
IS481_18150,1394.83,1705.0
IS481_18155,2466.83,2774.58
IS481_18160,4839.83,5191.33
IS481_18165,102678.5,52662.75
IS481_18170,518.0,465.0
IS481_18175,2835.67,1871.33
IS481_18180,1622.83,3800.17
IS481_18185,418.17,1515.33
IS481_18190,1495.25,4125.0
IS481_18195,3146.5,4499.08
IS481_18200,2314.17,1906.0
IS481_18205,3040.67,2322.33
IS481_18210,2125.0,2220.0
IS481_18215,4088.17,5656.83
IS481_18220,2580.0,3786.5
IS481_18225,4065.5,3912.0
IS481_18230,4245.33,2676.25
IS481_18235,7113.33,4282.33
IS481_18240,3027.33,1016.17
IS481_18245,19031.08,7828.0
IS481_18250,24033.08,12028.17
IS481_00110,380.0,795.0
IS481_00165,11011.0,5810.0
IS481_00170,1249.0,902.0
IS481_00385,6404.0,3439.0
IS481_02035,1596.0,955.0
IS481_02165,1072.0,678.0
IS481_02290,110.0,145.0
IS481_02300,18225.0,48833.0
IS481_02615,1252.0,1238.0
IS481_02775,2228.5,1062.0
IS481_04750,819.5,593.0
IS481_05270,89.0,80.0
IS481_07690,829.0,3505.0
IS481_08330,84.0,136.0
IS481_08495,46.0,73.5
IS481_08560,1591.5,1383.5
IS481_08800,480.0,1345.0
IS481_08900,3161.0,9907.0
IS481_10725,4947.0,2193.0
IS481_11710,691.0,563.5
IS481_12170,177363.5,279283.0
IS481_13085,2217.0,1871.0
IS481_13260,4567.0,3952.0
IS481_14015,113.0,109.0
IS481_14270,888.0,703.5
IS481_14425,1780.0,1786.0
IS481_16840,2804.0,3135.0
IS481_17410,11734.0,6404.0
IS481_17815,5680.0,9708.0
IS481_17830,5338.0,3720.0
IS481_17850,105.0,109.0
IS481_17935,1280.0,1647.0
IS481_17995,224.0,295.0
